episode,drop_target,collision_count,ground_object_1_distance_on_floor_contact,ground_object_2_distance_on_floor_contact,ground_object_3_distance_on_floor_contact,ground_object_1,ground_object_2,ground_object_3,ground_object_partitioning,drop_object_partitioning,available_drop_object_1,available_drop_object_2,available_drop_object_3,dropped_object,hit_object_before_ground
17250,RDumbbell,2,1.378607186533367,2.2642974562856257,0.6046965342025089,Pentagon,Bowl,RDumbbell,Bowl_Pentagon_RDumbbell,Pyramid_Torus_TriangularPrism,Pyramid,Torus,TriangularPrism,Pyramid,True
17251,TriangularPrism,1,2.453209663343689,0.49919436720395227,2.810379132761012,Torus,TriangularPrism,Pyramid,Pyramid_Torus_TriangularPrism,Pyramid_Torus_TriangularPrism,Pyramid,Torus,TriangularPrism,Torus,True
17252,Bowl,1,2.961348743097328,0.6118076417086016,2.693998896964418,Pentagon,Bowl,RDumbbell,Bowl_Pentagon_RDumbbell,Pyramid_Torus_TriangularPrism,Pyramid,Torus,TriangularPrism,TriangularPrism,True
17253,RDumbbell,1,2.0740348752083455,0.9977293714847931,0.8012502683724957,Pentagon,Bowl,RDumbbell,Bowl_Pentagon_RDumbbell,Cone_Octahedron_Pipe,Cone,Octahedron,Pipe,Pipe,False
17254,RDumbbell,1,1.5896548946839577,1.1280550575751565,1.1025563888094319,Bowl,RDumbbell,Pentagon,Bowl_Pentagon_RDumbbell,Cone_Octahedron_Pipe,Cone,Octahedron,Pipe,Cone,False
17255,floor,0,2.310920156141871,3.775515286776639,3.4497535213169144,TriangularPrism,Torus,Pyramid,Pyramid_Torus_TriangularPrism,Pyramid_Torus_TriangularPrism,Pyramid,Torus,TriangularPrism,TriangularPrism,False
17256,Pipe,1,3.3719696886301485,2.3272543912629122,0.8815105238332877,Cone,Octahedron,Pipe,Cone_Octahedron_Pipe,Pyramid_Torus_TriangularPrism,Pyramid,Torus,TriangularPrism,Torus,True
17257,floor,0,3.4894122860308574,2.3659188701916603,2.8217566306677933,Pipe,Octahedron,Cone,Cone_Octahedron_Pipe,Pyramid_Torus_TriangularPrism,Pyramid,Torus,TriangularPrism,TriangularPrism,False
17258,floor,0,2.2313920363516018,1.1641293647183064,2.687985081511783,Torus,TriangularPrism,Pyramid,Pyramid_Torus_TriangularPrism,Bowl_Pentagon_RDumbbell,Bowl,RDumbbell,Pentagon,RDumbbell,False
17259,floor,0,3.136294385848503,2.4825801690081115,1.7793503795727745,Pyramid,Torus,TriangularPrism,Pyramid_Torus_TriangularPrism,Cone_Octahedron_Pipe,Cone,Octahedron,Pipe,Pipe,False
17260,Bowl,2,1.2631467225861586,1.4727003199462336,0.8356045627453595,RDumbbell,Pentagon,Bowl,Bowl_Pentagon_RDumbbell,Cone_Octahedron_Pipe,Cone,Octahedron,Pipe,Octahedron,False
17261,floor,0,2.331457061691858,1.4376324541562615,1.7263375498250497,Pyramid,Torus,TriangularPrism,Pyramid_Torus_TriangularPrism,Cone_Octahedron_Pipe,Cone,Octahedron,Pipe,Cone,False
17262,floor,0,2.948227988798393,2.4667278404878923,3.8241562709733534,Pentagon,RDumbbell,Bowl,Bowl_Pentagon_RDumbbell,Bowl_Pentagon_RDumbbell,Bowl,RDumbbell,Pentagon,Pentagon,False
17263,floor,0,2.727585589091884,3.2245489583853204,3.739711517913687,Octahedron,Cone,Pipe,Cone_Octahedron_Pipe,Cone_Octahedron_Pipe,Cone,Octahedron,Pipe,Pipe,False
17264,floor,0,1.3435734085909516,2.332007816242891,1.8707235383577545,Octahedron,Cone,Pipe,Cone_Octahedron_Pipe,Bowl_Pentagon_RDumbbell,Bowl,RDumbbell,Pentagon,Pentagon,False
17265,Cone,1,2.0985839480507362,2.1862748172087456,0.4783002631413222,Pipe,Octahedron,Cone,Cone_Octahedron_Pipe,Cone_Octahedron_Pipe,Cone,Octahedron,Pipe,Octahedron,True
17266,floor,0,3.764113931662062,2.5925800921865143,2.9034909166920806,Octahedron,Pipe,Cone,Cone_Octahedron_Pipe,Cone_Octahedron_Pipe,Cone,Octahedron,Pipe,Cone,False
17267,Cone,1,2.0025261202152147,1.3759675464086134,3.1546825818430992,Pipe,Cone,Octahedron,Cone_Octahedron_Pipe,Bowl_Pentagon_RDumbbell,Bowl,RDumbbell,Pentagon,Pentagon,False
17268,Octahedron,1,3.199159656933647,0.6499754192088145,2.2618259107530587,Cone,Octahedron,Pipe,Cone_Octahedron_Pipe,Pyramid_Torus_TriangularPrism,Pyramid,Torus,TriangularPrism,Torus,True
17269,floor,0,3.6196369378589583,2.4758498873123687,2.711694942950555,Pentagon,RDumbbell,Bowl,Bowl_Pentagon_RDumbbell,Cone_Octahedron_Pipe,Cone,Octahedron,Pipe,Cone,False
17270,floor,0,1.2891446838722334,1.5429090428348935,1.9170175337237032,Torus,TriangularPrism,Pyramid,Pyramid_Torus_TriangularPrism,Bowl_Pentagon_RDumbbell,Bowl,RDumbbell,Pentagon,RDumbbell,False
17271,Octahedron,1,0.6910968034142646,2.3490801955748943,2.3963062762686507,Octahedron,Pipe,Cone,Cone_Octahedron_Pipe,Bowl_Pentagon_RDumbbell,Bowl,RDumbbell,Pentagon,Pentagon,True
17272,floor,0,2.6007960038401876,0.9708387625639264,1.983121501847878,Octahedron,Pipe,Cone,Cone_Octahedron_Pipe,Cone_Octahedron_Pipe,Cone,Octahedron,Pipe,Cone,False
17273,TriangularPrism,1,0.9151300303676007,3.3080994473477925,1.7217953691776924,TriangularPrism,Torus,Pyramid,Pyramid_Torus_TriangularPrism,Pyramid_Torus_TriangularPrism,Pyramid,Torus,TriangularPrism,TriangularPrism,True
17274,Pyramid,1,1.23534510048337,0.8794649690411701,0.9324547802661876,Torus,TriangularPrism,Pyramid,Pyramid_Torus_TriangularPrism,Bowl_Pentagon_RDumbbell,Bowl,RDumbbell,Pentagon,Bowl,False
17275,floor,0,2.836947215772064,2.8192911002669474,2.2868948848255783,Octahedron,Cone,Pipe,Cone_Octahedron_Pipe,Cone_Octahedron_Pipe,Cone,Octahedron,Pipe,Cone,False
17276,floor,0,2.769629502378694,2.4087824719570143,2.6545140503703606,Torus,TriangularPrism,Pyramid,Pyramid_Torus_TriangularPrism,Bowl_Pentagon_RDumbbell,Bowl,RDumbbell,Pentagon,Bowl,False
17277,Bowl,1,0.4659318204180968,2.6343065919117445,1.9261723082066728,Bowl,Pentagon,RDumbbell,Bowl_Pentagon_RDumbbell,Pyramid_Torus_TriangularPrism,Pyramid,Torus,TriangularPrism,TriangularPrism,True
17278,floor,0,3.393143265626585,1.5080701363395048,0.8355819954010153,Pentagon,Bowl,RDumbbell,Bowl_Pentagon_RDumbbell,Bowl_Pentagon_RDumbbell,Bowl,RDumbbell,Pentagon,Pentagon,False
17279,Octahedron,2,0.5822721543862006,2.718363506095485,2.984928357155674,Octahedron,Pipe,Cone,Cone_Octahedron_Pipe,Bowl_Pentagon_RDumbbell,Bowl,RDumbbell,Pentagon,RDumbbell,False
17280,floor,0,1.0379966370084301,1.1460828816580053,1.522586232347062,Pyramid,TriangularPrism,Torus,Pyramid_Torus_TriangularPrism,Bowl_Pentagon_RDumbbell,Bowl,RDumbbell,Pentagon,Pentagon,False
17281,floor,0,2.974006410488766,3.3367466792808114,3.304431269451824,Pyramid,TriangularPrism,Torus,Pyramid_Torus_TriangularPrism,Bowl_Pentagon_RDumbbell,Bowl,RDumbbell,Pentagon,RDumbbell,False
17282,floor,0,2.4945134014665955,3.2368460357599966,2.9324318913030902,Bowl,Pentagon,RDumbbell,Bowl_Pentagon_RDumbbell,Cone_Octahedron_Pipe,Cone,Octahedron,Pipe,Pipe,False
17283,floor,0,1.5581960035975493,1.4560446828220284,1.238991340595062,TriangularPrism,Torus,Pyramid,Pyramid_Torus_TriangularPrism,Pyramid_Torus_TriangularPrism,Pyramid,Torus,TriangularPrism,TriangularPrism,False
17284,floor,0,1.0994876934657485,2.6215330957161602,2.084320206426137,Pyramid,Torus,TriangularPrism,Pyramid_Torus_TriangularPrism,Pyramid_Torus_TriangularPrism,Pyramid,Torus,TriangularPrism,Pyramid,False
17285,floor,0,0.6989204974947267,2.1701351017341217,0.9116387660438483,Pyramid,Torus,TriangularPrism,Pyramid_Torus_TriangularPrism,Cone_Octahedron_Pipe,Cone,Octahedron,Pipe,Octahedron,False
17286,floor,0,2.3398757794397063,1.4808653718643798,1.060999916584859,Pyramid,Torus,TriangularPrism,Pyramid_Torus_TriangularPrism,Cone_Octahedron_Pipe,Cone,Octahedron,Pipe,Octahedron,False
17287,floor,0,3.2846602705630126,3.249918003112013,4.308212947884908,Pyramid,TriangularPrism,Torus,Pyramid_Torus_TriangularPrism,Cone_Octahedron_Pipe,Cone,Octahedron,Pipe,Pipe,False
17288,RDumbbell,1,1.9060246920798944,2.5183727666437123,0.6715232223057745,Bowl,Pentagon,RDumbbell,Bowl_Pentagon_RDumbbell,Cone_Octahedron_Pipe,Cone,Octahedron,Pipe,Pipe,True
17289,RDumbbell,2,1.8566373714707929,2.5605030691057693,0.8394336034223066,Pentagon,Bowl,RDumbbell,Bowl_Pentagon_RDumbbell,Pyramid_Torus_TriangularPrism,Pyramid,Torus,TriangularPrism,TriangularPrism,True
17290,floor,0,2.3120999064629366,2.521911076204152,3.0566479881303006,Pentagon,RDumbbell,Bowl,Bowl_Pentagon_RDumbbell,Pyramid_Torus_TriangularPrism,Pyramid,Torus,TriangularPrism,Pyramid,False
17291,floor,0,3.632404952720467,2.737773037852409,2.8122362894347783,Pyramid,Torus,TriangularPrism,Pyramid_Torus_TriangularPrism,Pyramid_Torus_TriangularPrism,Pyramid,Torus,TriangularPrism,TriangularPrism,False
17292,floor,0,2.4481148878501444,3.3053715620942454,3.014859039004058,Pipe,Cone,Octahedron,Cone_Octahedron_Pipe,Pyramid_Torus_TriangularPrism,Pyramid,Torus,TriangularPrism,Pyramid,False
17293,floor,0,4.248210049269053,2.442473762635344,3.305878658708222,Bowl,Pentagon,RDumbbell,Bowl_Pentagon_RDumbbell,Bowl_Pentagon_RDumbbell,Bowl,RDumbbell,Pentagon,RDumbbell,False
17294,floor,0,2.4704281285139165,4.041386052500237,3.291699005195631,Cone,Pipe,Octahedron,Cone_Octahedron_Pipe,Pyramid_Torus_TriangularPrism,Pyramid,Torus,TriangularPrism,Pyramid,False
17295,Pyramid,1,1.0674719879493753,1.1445631501746198,2.7074950450053725,Torus,Pyramid,TriangularPrism,Pyramid_Torus_TriangularPrism,Cone_Octahedron_Pipe,Cone,Octahedron,Pipe,Cone,False
17296,floor,0,2.4457681390677015,4.057663764971165,3.199411221333156,Octahedron,Pipe,Cone,Cone_Octahedron_Pipe,Pyramid_Torus_TriangularPrism,Pyramid,Torus,TriangularPrism,Torus,False
17297,floor,0,2.077617715487881,2.5334335875419187,2.908468369610908,Octahedron,Pipe,Cone,Cone_Octahedron_Pipe,Pyramid_Torus_TriangularPrism,Pyramid,Torus,TriangularPrism,TriangularPrism,False
17298,floor,0,2.648421184865288,3.8559511128100006,2.61519423320842,Bowl,RDumbbell,Pentagon,Bowl_Pentagon_RDumbbell,Pyramid_Torus_TriangularPrism,Pyramid,Torus,TriangularPrism,TriangularPrism,False
17299,Pyramid,1,0.6011461578342842,2.379915396155345,1.8295656332858476,Pyramid,Torus,TriangularPrism,Pyramid_Torus_TriangularPrism,Cone_Octahedron_Pipe,Cone,Octahedron,Pipe,Octahedron,True
17300,Pipe,1,2.287022990599975,1.1144675947297813,2.3772511585302745,Octahedron,Pipe,Cone,Cone_Octahedron_Pipe,Cone_Octahedron_Pipe,Cone,Octahedron,Pipe,Octahedron,False
17301,floor,0,2.6119045584529705,1.0879720709356522,1.682239956462645,Cone,Octahedron,Pipe,Cone_Octahedron_Pipe,Pyramid_Torus_TriangularPrism,Pyramid,Torus,TriangularPrism,Torus,False
17302,floor,0,2.623742828502585,2.76649273927493,2.7663278934105433,TriangularPrism,Torus,Pyramid,Pyramid_Torus_TriangularPrism,Pyramid_Torus_TriangularPrism,Pyramid,Torus,TriangularPrism,Torus,False
17303,Bowl,1,2.290230003379302,0.7678329886312973,1.396210054896371,RDumbbell,Bowl,Pentagon,Bowl_Pentagon_RDumbbell,Cone_Octahedron_Pipe,Cone,Octahedron,Pipe,Octahedron,True
17304,floor,0,2.028948926366987,1.7152417723715327,1.2505040370209624,RDumbbell,Bowl,Pentagon,Bowl_Pentagon_RDumbbell,Pyramid_Torus_TriangularPrism,Pyramid,Torus,TriangularPrism,Torus,False
17305,floor,0,2.934719943886194,2.4318510899775454,2.7001346205808696,Cone,Pipe,Octahedron,Cone_Octahedron_Pipe,Bowl_Pentagon_RDumbbell,Bowl,RDumbbell,Pentagon,RDumbbell,False
17306,floor,0,1.0673504503051428,2.0430234906957554,1.8507995557285606,Pyramid,TriangularPrism,Torus,Pyramid_Torus_TriangularPrism,Cone_Octahedron_Pipe,Cone,Octahedron,Pipe,Octahedron,False
17307,Cone,2,0.7162496053381118,2.89618967355516,2.401568076829155,Cone,Octahedron,Pipe,Cone_Octahedron_Pipe,Pyramid_Torus_TriangularPrism,Pyramid,Torus,TriangularPrism,TriangularPrism,True
17308,TriangularPrism,1,2.532191785543803,0.693484191566888,1.6312369574624195,Pyramid,TriangularPrism,Torus,Pyramid_Torus_TriangularPrism,Cone_Octahedron_Pipe,Cone,Octahedron,Pipe,Octahedron,True
17309,TriangularPrism,1,2.3086169859921686,1.4053835916707096,0.7841445165199772,Pyramid,Torus,TriangularPrism,Pyramid_Torus_TriangularPrism,Cone_Octahedron_Pipe,Cone,Octahedron,Pipe,Octahedron,False
17310,floor,0,2.5278193080860074,2.9936337638697763,3.2644797279835833,Octahedron,Pipe,Cone,Cone_Octahedron_Pipe,Bowl_Pentagon_RDumbbell,Bowl,RDumbbell,Pentagon,Bowl,False
17311,floor,0,0.6722112768410092,1.7845689247158945,0.929601286558343,Pentagon,Bowl,RDumbbell,Bowl_Pentagon_RDumbbell,Cone_Octahedron_Pipe,Cone,Octahedron,Pipe,Octahedron,False
17312,floor,0,3.4640792125147755,3.3486524214498634,2.6705855706239863,Pentagon,RDumbbell,Bowl,Bowl_Pentagon_RDumbbell,Pyramid_Torus_TriangularPrism,Pyramid,Torus,TriangularPrism,Torus,False
17313,floor,0,3.446821905997698,2.5875103849611643,2.8350012828679465,TriangularPrism,Pyramid,Torus,Pyramid_Torus_TriangularPrism,Bowl_Pentagon_RDumbbell,Bowl,RDumbbell,Pentagon,Pentagon,False
17314,floor,0,1.0898579822144099,4.0985156815675,2.1592131081293746,Octahedron,Pipe,Cone,Cone_Octahedron_Pipe,Bowl_Pentagon_RDumbbell,Bowl,RDumbbell,Pentagon,RDumbbell,False
17315,Bowl,1,0.46940374614886254,2.0775016825439128,2.080294893583089,Bowl,Pentagon,RDumbbell,Bowl_Pentagon_RDumbbell,Bowl_Pentagon_RDumbbell,Bowl,RDumbbell,Pentagon,RDumbbell,True
17316,floor,0,2.5445552296820453,0.9800093216784838,3.2734033813202834,Bowl,Pentagon,RDumbbell,Bowl_Pentagon_RDumbbell,Pyramid_Torus_TriangularPrism,Pyramid,Torus,TriangularPrism,TriangularPrism,False
17317,floor,0,1.1663179682033362,2.217069382309486,1.1179227350492493,Pipe,Octahedron,Cone,Cone_Octahedron_Pipe,Pyramid_Torus_TriangularPrism,Pyramid,Torus,TriangularPrism,TriangularPrism,False
17318,TriangularPrism,2,2.1860889952830203,2.308244690226856,0.6034611873199741,Torus,Pyramid,TriangularPrism,Pyramid_Torus_TriangularPrism,Bowl_Pentagon_RDumbbell,Bowl,RDumbbell,Pentagon,RDumbbell,True
17319,RDumbbell,1,2.0202460671808957,0.7565025035915435,1.7979406913699436,Bowl,RDumbbell,Pentagon,Bowl_Pentagon_RDumbbell,Bowl_Pentagon_RDumbbell,Bowl,RDumbbell,Pentagon,Pentagon,False
17320,RDumbbell,2,0.9540117053503211,2.7503275272190084,0.7773605674085624,RDumbbell,Pentagon,Bowl,Bowl_Pentagon_RDumbbell,Bowl_Pentagon_RDumbbell,Bowl,RDumbbell,Pentagon,Pentagon,True
17321,RDumbbell,1,2.4493282689835323,1.4691175161532999,0.7134895053826293,Pentagon,Bowl,RDumbbell,Bowl_Pentagon_RDumbbell,Bowl_Pentagon_RDumbbell,Bowl,RDumbbell,Pentagon,Bowl,True
17322,floor,0,1.5927648662662817,3.1534040916148047,1.054785501126031,Pipe,Cone,Octahedron,Cone_Octahedron_Pipe,Cone_Octahedron_Pipe,Cone,Octahedron,Pipe,Octahedron,False
17323,floor,0,1.9537534057534094,2.276614729466008,2.6174663273446694,RDumbbell,Pentagon,Bowl,Bowl_Pentagon_RDumbbell,Bowl_Pentagon_RDumbbell,Bowl,RDumbbell,Pentagon,RDumbbell,False
17324,floor,0,3.3124705162703756,2.8733743585664446,2.636215338256111,Cone,Pipe,Octahedron,Cone_Octahedron_Pipe,Bowl_Pentagon_RDumbbell,Bowl,RDumbbell,Pentagon,Pentagon,False
17325,floor,0,2.494082438980368,2.5305106991420216,2.522360922116382,TriangularPrism,Torus,Pyramid,Pyramid_Torus_TriangularPrism,Pyramid_Torus_TriangularPrism,Pyramid,Torus,TriangularPrism,TriangularPrism,False
17326,floor,0,2.785714561675141,1.1549654078468528,1.3288213515778762,Pipe,Cone,Octahedron,Cone_Octahedron_Pipe,Cone_Octahedron_Pipe,Cone,Octahedron,Pipe,Octahedron,False
17327,floor,0,3.9374314016823186,2.350335441881956,3.5200751958679026,Bowl,Pentagon,RDumbbell,Bowl_Pentagon_RDumbbell,Pyramid_Torus_TriangularPrism,Pyramid,Torus,TriangularPrism,TriangularPrism,False
17328,floor,0,2.8447890787650043,2.68860280268872,3.262543482806075,TriangularPrism,Pyramid,Torus,Pyramid_Torus_TriangularPrism,Pyramid_Torus_TriangularPrism,Pyramid,Torus,TriangularPrism,TriangularPrism,False
17329,floor,0,1.0938727050225665,2.934901875466151,2.9109620081769525,RDumbbell,Pentagon,Bowl,Bowl_Pentagon_RDumbbell,Pyramid_Torus_TriangularPrism,Pyramid,Torus,TriangularPrism,Torus,False
17330,Torus,4,0.8467352845535664,1.3616626717237978,0.42578721498697075,TriangularPrism,Pyramid,Torus,Pyramid_Torus_TriangularPrism,Bowl_Pentagon_RDumbbell,Bowl,RDumbbell,Pentagon,RDumbbell,True
17331,floor,0,2.1722428526100392,3.3049117620501467,2.7005497272804933,Torus,Pyramid,TriangularPrism,Pyramid_Torus_TriangularPrism,Cone_Octahedron_Pipe,Cone,Octahedron,Pipe,Cone,False
17332,RDumbbell,2,1.9011485087082327,1.4220898069379895,0.6185576189021114,Bowl,Pentagon,RDumbbell,Bowl_Pentagon_RDumbbell,Cone_Octahedron_Pipe,Cone,Octahedron,Pipe,Pipe,True
17333,RDumbbell,1,1.2438118124647033,1.3502141784071833,1.5608306755379515,Bowl,Pentagon,RDumbbell,Bowl_Pentagon_RDumbbell,Pyramid_Torus_TriangularPrism,Pyramid,Torus,TriangularPrism,Torus,False
17334,RDumbbell,1,2.538974703269507,1.257006877859071,0.6303818114464256,Pentagon,Bowl,RDumbbell,Bowl_Pentagon_RDumbbell,Pyramid_Torus_TriangularPrism,Pyramid,Torus,TriangularPrism,Pyramid,False
17335,floor,0,1.669585666357717,0.9377157585634244,1.9888271586500181,TriangularPrism,Torus,Pyramid,Pyramid_Torus_TriangularPrism,Cone_Octahedron_Pipe,Cone,Octahedron,Pipe,Octahedron,False
17336,floor,0,1.6639970556832615,3.5342389613034073,2.752690969069081,Pipe,Octahedron,Cone,Cone_Octahedron_Pipe,Pyramid_Torus_TriangularPrism,Pyramid,Torus,TriangularPrism,Pyramid,False
17337,floor,0,2.920918132019882,3.628400220035068,3.2780437786839656,Pentagon,RDumbbell,Bowl,Bowl_Pentagon_RDumbbell,Bowl_Pentagon_RDumbbell,Bowl,RDumbbell,Pentagon,RDumbbell,False
17338,floor,0,1.8309154181830163,0.9339064012298147,1.5120900991981259,Octahedron,Pipe,Cone,Cone_Octahedron_Pipe,Cone_Octahedron_Pipe,Cone,Octahedron,Pipe,Cone,False
17339,floor,0,1.13352362027231,0.8129241553539401,2.6744784174215717,Pyramid,TriangularPrism,Torus,Pyramid_Torus_TriangularPrism,Bowl_Pentagon_RDumbbell,Bowl,RDumbbell,Pentagon,Bowl,False
17340,floor,0,1.5602787418002133,1.684790046782861,0.8457712724969526,Torus,TriangularPrism,Pyramid,Pyramid_Torus_TriangularPrism,Cone_Octahedron_Pipe,Cone,Octahedron,Pipe,Pipe,False
17341,floor,0,1.2944884121436908,2.7897565769107313,0.908909543350207,Pipe,Cone,Octahedron,Cone_Octahedron_Pipe,Cone_Octahedron_Pipe,Cone,Octahedron,Pipe,Cone,False
17342,floor,0,2.4556478885213,2.59365755513085,2.5586774917437936,TriangularPrism,Torus,Pyramid,Pyramid_Torus_TriangularPrism,Bowl_Pentagon_RDumbbell,Bowl,RDumbbell,Pentagon,RDumbbell,False
17343,RDumbbell,1,1.478765841646833,0.5064554105286583,1.0563641517700229,Pentagon,RDumbbell,Bowl,Bowl_Pentagon_RDumbbell,Bowl_Pentagon_RDumbbell,Bowl,RDumbbell,Pentagon,RDumbbell,True
17344,Pyramid,2,1.4869393835769735,1.4532678298031405,2.1050247086228544,TriangularPrism,Pyramid,Torus,Pyramid_Torus_TriangularPrism,Bowl_Pentagon_RDumbbell,Bowl,RDumbbell,Pentagon,RDumbbell,False
17345,floor,0,0.7965070207667554,1.8284060648766365,1.2915204851054025,Pentagon,Bowl,RDumbbell,Bowl_Pentagon_RDumbbell,Bowl_Pentagon_RDumbbell,Bowl,RDumbbell,Pentagon,Pentagon,False
17346,floor,0,2.5510890668517785,1.9918462093363316,3.1824605064333085,Bowl,RDumbbell,Pentagon,Bowl_Pentagon_RDumbbell,Cone_Octahedron_Pipe,Cone,Octahedron,Pipe,Cone,False
17347,floor,0,2.3736621348009574,2.9449293533861125,2.129018720785138,TriangularPrism,Torus,Pyramid,Pyramid_Torus_TriangularPrism,Cone_Octahedron_Pipe,Cone,Octahedron,Pipe,Octahedron,False
17348,floor,0,2.4505081088480543,2.9604736879266964,3.807564537210101,Octahedron,Pipe,Cone,Cone_Octahedron_Pipe,Pyramid_Torus_TriangularPrism,Pyramid,Torus,TriangularPrism,Torus,False
17349,floor,0,2.399456503604717,1.8360575422338288,2.6670401065960445,Cone,Pipe,Octahedron,Cone_Octahedron_Pipe,Cone_Octahedron_Pipe,Cone,Octahedron,Pipe,Octahedron,False
17350,floor,0,2.4833018717965007,1.4104691759278538,2.1329930039484606,RDumbbell,Pentagon,Bowl,Bowl_Pentagon_RDumbbell,Pyramid_Torus_TriangularPrism,Pyramid,Torus,TriangularPrism,Torus,False
17351,floor,0,1.2102113354418977,2.5674787352600075,2.2206562680384665,Cone,Pipe,Octahedron,Cone_Octahedron_Pipe,Bowl_Pentagon_RDumbbell,Bowl,RDumbbell,Pentagon,Pentagon,False
17352,TriangularPrism,2,0.7252900785246493,2.863356884041752,1.6432554574025895,TriangularPrism,Torus,Pyramid,Pyramid_Torus_TriangularPrism,Pyramid_Torus_TriangularPrism,Pyramid,Torus,TriangularPrism,TriangularPrism,True
17353,Pipe,3,0.6418746523465019,2.563496996406486,1.4091361353305791,Pipe,Octahedron,Cone,Cone_Octahedron_Pipe,Bowl_Pentagon_RDumbbell,Bowl,RDumbbell,Pentagon,Bowl,True
17354,floor,0,1.316101377634895,1.4844297606952312,1.1370405211189698,Pyramid,Torus,TriangularPrism,Pyramid_Torus_TriangularPrism,Bowl_Pentagon_RDumbbell,Bowl,RDumbbell,Pentagon,Bowl,False
17355,floor,0,-1,-1,-1,Bowl,Pentagon,RDumbbell,Bowl_Pentagon_RDumbbell,Bowl_Pentagon_RDumbbell,Bowl,RDumbbell,Pentagon,Bowl,False
17356,floor,0,1.8695405794222957,0.8560173547788753,1.1001957111044323,Pyramid,Torus,TriangularPrism,Pyramid_Torus_TriangularPrism,Pyramid_Torus_TriangularPrism,Pyramid,Torus,TriangularPrism,TriangularPrism,False
17357,floor,0,2.297089256174307,1.5368606930389057,0.9929243918385683,RDumbbell,Bowl,Pentagon,Bowl_Pentagon_RDumbbell,Pyramid_Torus_TriangularPrism,Pyramid,Torus,TriangularPrism,Pyramid,False
17358,floor,2,1.4795910670215373,0.8065713284241406,2.1308922899856215,Pipe,Cone,Octahedron,Cone_Octahedron_Pipe,Bowl_Pentagon_RDumbbell,Bowl,RDumbbell,Pentagon,Bowl,False
17359,Cone,2,0.7301030265312421,2.293909794227862,0.746176143886253,Octahedron,Pipe,Cone,Cone_Octahedron_Pipe,Bowl_Pentagon_RDumbbell,Bowl,RDumbbell,Pentagon,RDumbbell,True
17360,floor,0,2.458872792740835,3.9495476921880437,3.027258202256613,Torus,TriangularPrism,Pyramid,Pyramid_Torus_TriangularPrism,Bowl_Pentagon_RDumbbell,Bowl,RDumbbell,Pentagon,Bowl,False
17361,floor,0,-1,-1,-1,RDumbbell,Bowl,Pentagon,Bowl_Pentagon_RDumbbell,Pyramid_Torus_TriangularPrism,Pyramid,Torus,TriangularPrism,Pyramid,False
17362,Pentagon,1,3.1616914691654907,0.9605431800659985,0.8552570054054466,Bowl,RDumbbell,Pentagon,Bowl_Pentagon_RDumbbell,Cone_Octahedron_Pipe,Cone,Octahedron,Pipe,Cone,True
17363,RDumbbell,1,0.4993919835431376,2.3865448712863886,1.184482559274807,RDumbbell,Pentagon,Bowl,Bowl_Pentagon_RDumbbell,Cone_Octahedron_Pipe,Cone,Octahedron,Pipe,Octahedron,True
17364,floor,0,2.8521518928297014,2.5258193497479517,2.397067051018812,TriangularPrism,Pyramid,Torus,Pyramid_Torus_TriangularPrism,Pyramid_Torus_TriangularPrism,Pyramid,Torus,TriangularPrism,Torus,False
17365,Octahedron,1,2.768410473127043,0.49248539328953395,2.0540868782982074,Cone,Octahedron,Pipe,Cone_Octahedron_Pipe,Pyramid_Torus_TriangularPrism,Pyramid,Torus,TriangularPrism,Torus,True
17366,floor,0,3.735283225141718,2.587158906536162,3.250642856220633,TriangularPrism,Pyramid,Torus,Pyramid_Torus_TriangularPrism,Bowl_Pentagon_RDumbbell,Bowl,RDumbbell,Pentagon,Bowl,False
17367,Torus,1,1.755775903853679,2.047600246305721,0.7208312716438867,TriangularPrism,Pyramid,Torus,Pyramid_Torus_TriangularPrism,Cone_Octahedron_Pipe,Cone,Octahedron,Pipe,Pipe,True
17368,floor,0,0.9246618557087021,1.893727338203778,2.492150761280861,RDumbbell,Bowl,Pentagon,Bowl_Pentagon_RDumbbell,Bowl_Pentagon_RDumbbell,Bowl,RDumbbell,Pentagon,Bowl,False
17369,floor,0,1.678731837139218,1.7635173866855545,1.1954628477021259,Cone,Octahedron,Pipe,Cone_Octahedron_Pipe,Pyramid_Torus_TriangularPrism,Pyramid,Torus,TriangularPrism,Pyramid,False
17370,floor,1,2.2718032734631057,1.338418381045143,2.7016171045055404,Pipe,Cone,Octahedron,Cone_Octahedron_Pipe,Bowl_Pentagon_RDumbbell,Bowl,RDumbbell,Pentagon,Pentagon,False
17371,Octahedron,1,0.8973021541649265,1.0423755295419215,0.6586750314528056,Cone,Pipe,Octahedron,Cone_Octahedron_Pipe,Cone_Octahedron_Pipe,Cone,Octahedron,Pipe,Pipe,True
17372,floor,0,3.642874922428464,2.986743955100338,2.882233778158682,Pyramid,Torus,TriangularPrism,Pyramid_Torus_TriangularPrism,Cone_Octahedron_Pipe,Cone,Octahedron,Pipe,Pipe,False
17373,TriangularPrism,2,2.334540389228546,0.28066379556215715,2.311037282809853,Torus,TriangularPrism,Pyramid,Pyramid_Torus_TriangularPrism,Pyramid_Torus_TriangularPrism,Pyramid,Torus,TriangularPrism,Torus,True
17374,floor,0,0.8913544324242392,2.37297516313238,1.2571919856314804,TriangularPrism,Torus,Pyramid,Pyramid_Torus_TriangularPrism,Bowl_Pentagon_RDumbbell,Bowl,RDumbbell,Pentagon,Bowl,False
17375,RDumbbell,1,1.1291286688028455,1.565273717124375,1.6011257699265813,Bowl,RDumbbell,Pentagon,Bowl_Pentagon_RDumbbell,Bowl_Pentagon_RDumbbell,Bowl,RDumbbell,Pentagon,Bowl,True
17376,Cone,2,0.9541668448090975,1.7227169910599756,2.0222550590214032,Cone,Pipe,Octahedron,Cone_Octahedron_Pipe,Cone_Octahedron_Pipe,Cone,Octahedron,Pipe,Octahedron,False
17377,Octahedron,2,2.0528621277686723,0.6434860352907099,2.1491990950260127,Pipe,Octahedron,Cone,Cone_Octahedron_Pipe,Cone_Octahedron_Pipe,Cone,Octahedron,Pipe,Cone,True
17378,Pyramid,3,1.0275818345877485,2.3436516208313147,0.6047137548818486,TriangularPrism,Torus,Pyramid,Pyramid_Torus_TriangularPrism,Cone_Octahedron_Pipe,Cone,Octahedron,Pipe,Octahedron,True
17379,floor,0,2.374361282106357,3.5191399502244463,2.8981649713570405,Pipe,Octahedron,Cone,Cone_Octahedron_Pipe,Pyramid_Torus_TriangularPrism,Pyramid,Torus,TriangularPrism,Torus,False
17380,floor,0,2.412452693743679,1.2398567669072158,1.6705379272259056,TriangularPrism,Torus,Pyramid,Pyramid_Torus_TriangularPrism,Pyramid_Torus_TriangularPrism,Pyramid,Torus,TriangularPrism,Torus,False
17381,TriangularPrism,1,1.3565571671700443,2.49629909818521,1.231767472748793,Pyramid,Torus,TriangularPrism,Pyramid_Torus_TriangularPrism,Cone_Octahedron_Pipe,Cone,Octahedron,Pipe,Pipe,True
