Video,SID,Exclude,Age_Exact,Age_Group,Trial,Condition,StimSet,DropChoice,Point_DropLocation,DropLocation,WhichSpace,Notes,BounceHit,BounceHit2,NumberHits,Other Notes
M2U01447,121119_01,,3.4,3,1,1,ab,pipe,pyramid,pyramid,,,,,,
M2U01447,121119_01,,3.4,3,2,1,ab,cone,"space, middle",space,pyramid,,,,,
M2U01447,121119_01,,3.4,3,3,1,bc,bowl,,space,cone,,,,,
M2U01447,121119_01,,3.4,3,4,1,bc,dumbbell,,cone,,,,,,
M2U01447,121119_01,,3.4,3,5,1,ca,pyramid,,bowl,,,,,,
M2U01447,121119_01,,3.4,3,6,1,ca,torus,,bowl,,,,,,
M2U01447,121119_01,Y,3.4,3,7,1,ca,trig prism,,bowl,,extra trial for this set,,,,
M2U01447,121119_01,,3.4,3,8,1,ac,dumbbell,,space,pyramid,,,,,
M2U01447,121119_01,,3.4,3,9,1,ac,dumbbell,,torus,,,,,,
M2U01447,121119_01,Y,3.4,3,10,1,ba,pyramid,,cone,,touched target (cone) before drop,,,,
M2U01447,121119_01,,3.4,3,11,1,ba,torus,,cone,,same set as above,,,,
M2U01447,121119_01,,3.4,3,12,1,cb,octahedron,,space,pentagon,,,,,
M2U01447,121119_01,,3.4,3,13,1,cb,cone,,dumbbell,,,,,,
M2U01448,121119_02,,4.13,4,1,2,cb,cone,,space,pentagon,,,,,
M2U01448,121119_02,,4.13,4,1,2,cb,cone,,space,pentagon,,,,,
M2U01448,121119_02,,4.13,4,3,2,ba,torus,,cone,,,,,,
M2U01448,121119_02,,4.13,4,4,2,ba,trig prism,,space,cone,,,,,
M2U01448,121119_02,,4.13,4,5,2,ac,bowl,,trig prism,,,,,,
M2U01448,121119_02,,4.13,4,6,2,ac,dumbbell,,trig prism,,,,,,
M2U01448,121119_02,,4.13,4,7,2,ca,pyramid,,space,bowl,,,,,
M2U01448,121119_02,,4.13,4,8,2,ca,torus,,bowl,,,,,,
M2U01448,121119_02,,4.13,4,9,2,bc,pentagon,pipe,space,pipe,,,,,
M2U01448,121119_02,,4.13,4,10,2,bc,pentagon,pipe,space,pipe,,,,,
M2U01448,121119_02,,4.13,4,11,2,ab,cone,,space,pyramid,,,,,
M2U01448,121119_02,,4.13,4,12,2,ab,octahedron,,space,pyramid,,,,,
M2U01449,121119_03,,3.3,3,1,1,ab,pipe,,torus,,,,,,
M2U01449,121119_03,,3.3,3,2,1,ab,octahedron,,space,pyramid,,torus,,,
M2U01449,121119_03,,3.3,3,3,1,bc,dumbbell,,octahedron,,,,,,
M2U01449,121119_03,,3.3,3,4,1,bc,bowl,,space,cone,,,,,
M2U01449,121119_03,,3.3,3,5,1,ca,torus,,space,pentagon,,,,,
M2U01449,121119_03,,3.3,3,6,1,ca,pyramid,,bowl,,,,,,
M2U01449,121119_03,,3.3,3,7,1,ac,pentagon,,pyramid,,,,,,
M2U01449,121119_03,,3.3,3,8,1,ac,bowl,,space,pyramid,,torus,,,
M2U01449,121119_03,,3.3,3,9,1,ba,torus,,space,pipe,,,,,
M2U01449,121119_03,,3.3,3,10,1,ba,pyramid,,space,pipe,,,,,
M2U01449,121119_03,,3.3,3,11,1,cb,pipe,,space,pentagon,,pentagon,,,
M2U01449,121119_03,,3.3,3,12,1,cb,cone,,dumbbell,,,,,,
M2U01450,121119_04,,5.44,5,1,2,cb,cone,,bowl,,,,,,
M2U01450,121119_04,,5.44,5,2,2,cb,pipe,,pentagon,,,,,,
M2U01450,121119_04,,5.44,5,3,2,ba,torus,,cone,,,,,,
M2U01450,121119_04,,5.44,5,4,2,ba,torus,,cone,,,,,,
M2U01450,121119_04,,5.44,5,5,2,ac,dumbbell,,torus,,,,,,
M2U01450,121119_04,,5.44,5,6,2,ac,pentagon,,trig prism,,,,,,
M2U01450,121119_04,,5.44,5,7,2,ca,torus,,bowl,,,,,,
M2U01450,121119_04,Y,5.44,5,8,2,ca,pyramid,,bowl,,sis interferes,,,,
M2U01450,121119_04,,5.44,5,9,2,bc,dumbbell,,pipe,,,,,,
M2U01450,121119_04,,5.44,5,10,2,bc,pentagon,,space,octahedron,,octahedron,,,
M2U01450,121119_04,,5.44,5,11,2,ab,cone,,torus,,cone goes into torus,,,,
M2U01450,121119_04,,5.44,5,12,2,ab,pipe,,pyramid,,,,,,
M2U01451,121119_05,,2.71,2,1,1,ab,pipe,,pyramid,,,,,,
M2U01451,121119_05,,2.71,2,2,1,ab,octahedron,,pyramid,,,,,,
M2U01451,121119_05,Y,2.71,2,3,1,bc,dumbbell,,space,cone,placed,,,,
M2U01451,121119_05,Y,2.71,2,4,1,bc,bowl,,space,octahedron,placed,,,,
M2U01451,121119_05,,2.71,2,5,1,ca,torus,,bowl,,dropped from right above bowl,,,,
M2U01451,121119_05,,2.71,2,6,1,ca,pyramid,,dumbbell,,,,,,
M2U01451,121119_05,,2.71,2,7,1,ac,dumbbell,,trig prism,,,,,,
M2U01451,121119_05,,2.71,2,8,1,ac,bowl,,trig prism,,,,,,
M2U01451,121119_05,Y,2.71,2,9,1,ca,torus,,bowl,,placed; CAMERA STOPPED RECORDING,,,,
M2U03279,121119_06,,3.63,3,1,2,cb,pipe,,dumbbell,,,,,,
M2U03279,121119_06,,3.63,3,2,2,cb,octahedron,,dumbbell,,,bowl,,2,
M2U03279,121119_06,,3.63,3,3,2,ba,torus,,cone,,,,,,
M2U03279,121119_06,,3.63,3,4,2,ba,pyramid,,space,cone,,,,,
M2U03279,121119_06,,3.63,3,5,2,ac,bowl,,pyramid,,,,,,
M2U03279,121119_06,,3.63,3,6,2,ac,dumbbell,,space,pyramid,,torus,,,
M2U03279,121119_06,,3.63,3,7,2,ca,torus,,space,dumbbell,,,,,
M2U03279,121119_06,,3.63,3,8,2,ca,pyramid,,space,edge/dumbbell,,,,,
M2U03279,121119_06,,3.63,3,9,2,bc,bowl,,octahedron,,,,,,
M2U03279,121119_06,,3.63,3,10,2,bc,dumbbell,,space,cone,,,,,
M2U03279,121119_06,,3.63,3,11,2,ab,pipe,,space,torus,,pyramid,,,
M2U03279,121119_06,,3.63,3,12,2,ab,pipe,,space,trig prism,,pyramid,,,
M2U03280,121119_07,,3.98,3,1,1,ab,cone,,torus,,,,,,
M2U03280,121119_07,,3.98,3,2,1,ab,pipe,,pyramid,,,,,,
M2U03280,121119_07,,3.98,3,3,1,bc,dumbbell,,space,pipe,,,,,
M2U03280,121119_07,,3.98,3,4,1,bc,bowl,,pipe,,,,,,
M2U03280,121119_07,,3.98,3,5,1,ca,torus,,bowl,,,,,,
M2U03280,121119_07,,3.98,3,6,1,ca,pyramid,,bowl,,,,,,
M2U03280,121119_07,,3.98,3,7,1,ac,pentagon,,trig prism,,,,,,
M2U03280,121119_07,,3.98,3,8,1,ac,dumbbell,,pyramid,,,,,,
M2U03280,121119_07,,3.98,3,9,1,ba,trig prism,,octahedron,,,,,,
M2U03280,121119_07,,3.98,3,10,1,ba,pyramid,,pipe,,,,,,
M2U03280,121119_07,,3.98,3,11,1,cb,octahedron,,bowl,,,,,,
M2U03280,121119_07,,3.98,3,12,1,cb,pipe,,dumbbell,,,,,,
M2U03281,121119_08,,3.61,3,1,2,cb,octahedron,,bowl,,,,,,
M2U03281,121119_08,,3.61,3,1,2,cb,cone,,bowl,,,,,,
M2U03281,121119_08,,3.61,3,3,2,ba,torus,,cone,,,,,,
M2U03281,121119_08,Y,3.61,3,4,2,ba,pyramid,,outside,,,,,,
M2U03281,121119_08,,3.61,3,4,2,ba,pyramid,,space,cone,redo from above,cone,,,
M2U03281,121119_08,,3.61,3,5,2,ac,bowl,,pyramid,,,,,,
M2U03281,121119_08,,3.61,3,6,2,ac,dumbbell,,space,torus,,,,,
M2U03281,121119_08,,3.61,3,7,2,ca,pyramid,,space,pentagon,,,,,
M2U03281,121119_08,,3.61,3,8,2,ca,torus,,pentagon,,,,,,
M2U03281,121119_08,,3.61,3,9,2,bc,pentagon,,cone,,,,,,
M2U03281,121119_08,,3.61,3,10,2,bc,bowl,,space,cone,very very close to cone,,,,
M2U03281,121119_08,,3.61,3,11,2,ab,pipe,,space,trig prism,,,,,
M2U03281,121119_08,,3.61,3,12,2,ab,octahedron,,space,trig prism,,,,,
M2U03282,121119_09,,5.81,5,1,1,ab,cone,center,space,torus,,torus,,,
M2U03282,121119_09,,5.81,5,2,1,ab,pipe,,space,trig prism,,,,,
M2U03282,121119_09,,5.81,5,3,1,bc,dumbbell,line between octahedron and cone,space,octahedron,,,,,
M2U03282,121119_09,,5.81,5,4,1,bc,bowl,,octahedron,,,,,,
M2U03282,121119_09,,5.81,5,5,1,ca,torus,,space,pentagon,,,,,
M2U03282,121119_09,,5.81,5,6,1,ca,trig prism,,pentagon,,,,,,
M2U03282,121119_09,,5.81,5,7,1,ac,dumbbell,,space,pyramid,,pyramid,,,
M2U03282,121119_09,,5.81,5,8,1,ac,bowl,,space,trig prism,,,,,
M2U03282,121119_10,,5.81,5,9,1,ba,torus,,space,cone,,pipe,,,
M2U03282,121119_11,,5.81,5,10,1,ba,trig prism,,space,cone,,octahedron,,,
M2U03282,121119_12,,5.81,5,11,1,cb,pipe,,space,bowl,,dumbbell,,,
M2U03282,121119_09,,5.81,5,12,1,cb,cone,,space,bowl,,,,,
M2U03283,121119_10,,5.12,5,1,2,cb,pipe,at bowl or next to bowl,bowl,,,,,,
M2U03283,121119_10,,5.12,5,2,2,cb,cone,line between bowl and dumbbell,space,pentagon,,,,,
M2U03283,121119_10,,5.12,5,3,2,ba,trig prism,,octahedron,,,,,,
M2U03283,121119_10,,5.12,5,4,2,ba,pyramid,,space,cone,,,,,
M2U03283,121119_10,,5.12,5,5,2,ac,dumbbell,,trig prism,,,,,,
M2U03283,121119_10,,5.12,5,6,2,ac,bowl,,torus,,,,,,
M2U03283,121119_10,Y,5.12,5,7,2,ca,torus,,bowl,,placed,,,,
M2U03283,121119_10,,5.12,5,8,2,ca,trig prism,,dumbbell,,,,,,
M2U03283,121119_10,,5.12,5,9,2,bc,dumbbell,,space,pipe,,,,,
M2U03283,121119_10,,5.12,5,10,2,bc,bowl,,cone,,,,,,
M2U03283,121119_10,,5.12,5,11,2,ab,octahedron,,space,pyramid,,,,,
M2U03283,121119_10,,5.12,5,12,2,ab,cone,,space,torus,,,,,
M2U03285,121119_11,,3.48,3,1,1,ab,pipe,,trig prism,,,,,,
M2U03285,121119_11,,3.48,3,2,1,ab,octahedron,,trig prism,,,,,,
M2U03285,121119_11,,3.48,3,3,1,bc,bowl,,cone,,,pipe,,2,
M2U03285,121119_11,,3.48,3,4,1,bc,dumbbell,,octahedron,,,cone,,2,
M2U03285,121119_11,,3.48,3,5,1,ca,torus,,space,pentagon,,,,,
M2U03285,121119_11,,3.48,3,6,1,ca,pyramid,,space,bowl,boundary,,,,
M2U03285,121119_11,Y,3.48,3,7,1,ca,pyramid,,outside,dumbbell,,,,,
M2U03285,121119_11,Y,3.48,3,8,1,ca,torus,,bowl,,touched target (bowl) before dop; sits in pool,,,,
M2U03285,121119_11,Y,3.48,3,9,1,ac,dumbbell,,pyramid,,"not sure kid or mom thru toy, had to end game and move on to cool tower",,,,
M2U03286,121119_12,Y,4.66,4,1,2,cb,cone,,bowl,,placed,,,,
M2U03286,121119_12,Y,4.66,4,2,2,ca,torus,bowl,bowl,,,,,,
M2U03286,121119_12,Y,4.66,4,3,2,ba,pyramid,cone,cone,,,,,,
M2U03286,121119_12,Y,4.66,4,4,2,bb,pipe,can't tell angle of finger,octahedron,,,,,,
M2U03286,121119_12,Y,4.66,4,5,2,bc,dumbbell,,pipe,,placed,,,,
M2U03286,121119_12,Y,4.66,4,6,2,ac,pentagon,,trig prism,,,,,,
M2U03286,121119_12,Y,4.66,4,7,2,cb,cone,dumbbell,dumbbell,,,,,,
M2U03286,121119_12,Y,4.66,4,8,2,ca,torus,both pentagon and dumbbell ,space,bowl,,bowl,,,
M2U03286,121119_12,Y,4.66,4,9,2,ac,bowl,torus,torus,,placed,,,,
M2U03286,121119_12,Y,4.66,4,10,2,bc,pentagon,,space,octahedron,,,,,
M2U03286,121119_12,Y,4.66,4,11,2,ab,octahedron,trig prism,trig prism,,,,,,
M2U03286,121119_12,Y,4.66,4,12,2,aa,torus,,space,pyramid,,,,,
M2U03286,121119_12,Y,4.66,4,13,2,ca,trig prism,,dumbbell,,,,,,
M2U03286,121119_12,Y,4.66,4,14,2,ca,pyramid,bowl,bowl,,,,,,incorrect object sets for this participant; switched torus and pipe
M2U03287,121119_13,Y,4.59,4,1,1,ab,cone,space next to pyramid,space,pyramid,touched target (cone) before drop,trig prism,,,
M2U03287,121119_13,,4.59,4,2,1,ab,cone,,space,pyramid,same set as above,trig prism,,,
M2U03287,121119_13,Y,4.59,4,3,1,ab,pipe,,space,pyramid,same set as above,pyramid,,,
M2U03287,121119_13,Y,4.59,4,4,1,bc,bowl and dumbbell,,space,center,placed,,,,
M2U03287,121119_13,,4.59,4,5,1,bc,bowl and dumbbell,,space,line between pipe and cone,,,,,
M2U03287,121119_13,Y,4.59,4,6,1,bc,dumbbell,,space,cone,,,,,
M2U03287,121119_13,,4.59,4,7,1,ca,torus,,space,dumbbell,,,,,
M2U03287,121119_13,,4.59,4,8,1,ca,pyramid,,dumbbell,,,,,,
M2U03287,121119_13,,4.59,4,9,1,ac,bowl,,space,pyramid,,pyramid,,,
M2U03287,121119_13,,4.59,4,10,1,ac,dumbbell,,space,torus,,,,,
M2U03287,121119_13,,4.59,4,11,1,ba,torus,,pipe,,,,,,
M2U03287,121119_13,,4.59,4,12,1,ba,trig prism,,octahedron,,,,,,
M2U03287,121119_13,,4.59,4,13,1,cb,cone,,space,dumbbell,,,,,
M2U03287,121119_13,,4.59,4,14,1,cb,pipe,,space,dumbbell,,,,,
M2U03288,121219_01,Y,NA,NA,1,2,cb,octahedron,,space,dumbbell,"1)touched all toys before beginning, removing them etc, trouble following instructions. 2)threw from angle on the ground",,,,
M2U03288,121219_01,Y,NA,NA,2,2,cb,octahedron,,bowl,,didn't want to play game,,,,
M2U03289,121219_02,Y,3.05,3,1,2,cb,cone,,space,pentagon,placed,,,,
M2U03289,121219_02,,3.05,3,1,2,cb,cone,,space,pentagon,redo from previous,pentagon,,,
M2U03289,121219_02,,3.05,3,2,2,cb,pipe,,space,pentagon,,bowl,,,
M2U03289,121219_02,,3.05,3,3,2,ba,pyramid,,space,pipe,,,,,
M2U03289,121219_02,,3.05,3,4,2,ba,torus,,pipe,,,octahedron,,2,
M2U03289,121219_02,,3.05,3,5,2,ac,dumbbell,,space,torus,,trig prism,,,
M2U03289,121219_02,,3.05,3,6,2,ac,pentagon,,space,trig prism,boundary,pyramid,,,
M2U03289,121219_02,,3.05,3,7,2,ca,trig prism,,space,pentagon,,pentagon,,,
M2U03289,121219_02,,3.05,3,8,2,ca,torus,,space,pentagon,,,,,
M2U03289,121219_02,Y,3.05,3,9,2,bc,bowl,,boundary outside,,,,,,
M2U03289,121219_02,,3.05,3,9,2,bc,bowl,,space,pipe,,octahedron,,,
M2U03289,121219_02,,3.05,3,10,2,bc,dumbbell,,pipe,,,,,,
M2U03289,121219_02,,3.05,3,11,2,ab,pipe,,space,torus,,pyramid,,,
M2U03289,121219_02,,3.05,3,12,2,ab,cone,,torus,,,,,,
M2U03290,121219_03,Y,3.45,3,1,1,ab,cone,,space,torus,placed,,,,
M2U03290,121219_03,,3.45,3,1,1,ab,cone,,space,torus,redo from previous,torus,,,
M2U03290,121219_03,,3.45,3,2,1,ab,pipe,,space,torus,,,,,
M2U03290,121219_03,,3.45,3,3,1,bc,bowl,,space,cone,,,,,
M2U03290,121219_03,,3.45,3,4,1,bc,dumbbell,,space,cone,,,,,
M2U03290,121219_03,,3.45,3,5,1,ca,pyramid,,space,dumbbell,,dumbbell,,,
M2U03290,121219_03,,3.45,3,6,1,ca,trig prism,,bowl,,,,,,
M2U03290,121219_03,,3.45,3,7,1,ac,pentagon,,trig prism,,,,,,
M2U03290,121219_03,,3.45,3,8,1,ac,dumbbell,,space,pyramid,,,,,
M2U03290,121219_03,,3.45,3,9,1,ba,torus,,space,cone,,,,,
M2U03290,121219_03,,3.45,3,10,1,ba,pyramid,,space,cone,,,,,
M2U03290,121219_03,,3.45,3,11,1,cb,cone,,space,pentagon,,pentagon,,,
M2U03290,121219_03,,3.45,3,12,1,cb,pipe,,space,bowl,,,,,
M2U03291,121219_04,,6.8,6,1,2,cb,cone,,pentagon,,,,,,
M2U03291,121219_04,,6.8,6,2,2,cb,pipe,,space,pentagon,,pentagon,,,
M2U03291,121219_04,,6.8,6,3,2,ba,torus,,space,octahedron,,,,,
M2U03291,121219_04,,6.8,6,4,2,ba,pyramid,,space,pipe,,,,,
M2U03291,121219_04,,6.8,6,5,2,ac,dumbbell,,space,pyramid,,,,,
M2U03291,121219_04,,6.8,6,6,2,ac,bowl,,space,torus,,torus,,,
M2U03291,121219_04,,6.8,6,7,2,ca,torus,,space,bowl,,bowl,,,
M2U03291,121219_04,,6.8,6,8,2,ca,pyramid,,space,bowl,,,,,
M2U03291,121219_04,,6.8,6,9,2,bc,dumbbell,,space,octahedron,,,,,
M2U03291,121219_04,,6.8,6,10,2,bc,pentagon,,space,cone,,,,,
M2U03291,121219_04,,6.8,6,11,2,ab,pipe,,space,trig prism,,torus,,,
M2U03291,121219_04,,6.8,6,12,2,ab,cone,,space,torus,,,,,
M2U03296,121319_01,,4.51,4,1,1,ab,pipe,,space,center,,torus,,,
M2U03296,121319_01,,4.51,4,2,1,ab,octahedron,,space,pyramid,,,,,
M2U03296,121319_01,,4.51,4,3,1,bc,dumbbell,,space,cone,,cone,,,
M2U03296,121319_01,Y,4.51,4,4,1,bc,bowl,,space,cone,touched target (cone) before drop,,,,
M2U03296,121319_01,,4.51,4,5,1,ca,torus,,space,dumbbell,,dumbbell,,,
M2U03296,121319_01,,4.51,4,6,1,ca,trig prism,,space,pentagon,,,,,
M2U03296,121319_01,,4.51,4,7,1,ac,pentagon,,space,torus,kneeling before drop from low,,,,
M2U03296,121319_01,,4.51,4,8,1,ac,pentagon,,space,trig prism,,,,,
M2U03296,121319_01,,4.51,4,9,1,ba,pyramid,,space,pipe,,,,,
M2U03296,121319_01,,4.51,4,10,1,ba,torus,,space,cone,,octahedron,,,
M2U03296,121319_01,,4.51,4,11,1,cb,cone,,pentagon,,,,,,
M2U03296,121319_01,,4.51,4,12,1,cb,octahedron,center,pentagon,,,bowl,,2,
M2U03297,121319_02,,5.25,5,1,2,cb,cone,,space,bowl,,pentagon,,,
M2U03297,121319_02,,5.25,5,2,2,cb,pipe,,dumbbell,,,,,,
M2U03297,121319_02,,5.25,5,3,2,ba,trig prism,,octahedron,,,,,,
M2U03297,121319_02,,5.25,5,4,2,ba,torus,,space,octahedron,,,,,
M2U03297,121319_02,,5.25,5,5,2,ac,bowl,,space,pyramid,,,,,
M2U03297,121319_02,,5.25,5,6,2,ac,dumbbell,,pyramid,,,,,,
M2U03297,121319_02,,5.25,5,7,2,ca,pyramid,,space,dumbbell,,,,,
M2U03297,121319_02,,5.25,5,8,2,ca,trig prism,,dumbbell,,,,,,
M2U03297,121319_02,,5.25,5,9,2,bc,dumbbell,,space,pipe,,,,,
M2U03297,121319_02,,5.25,5,10,2,bc,pentagon,,space,cone,,,,,
M2U03297,121319_02,,5.25,5,11,2,ab,octahedron,,space,pyramid,,,,,
M2U03297,121319_02,,5.25,5,12,2,ab,pipe,,pyramid,,,,,,
M2U03298,121319_03,,5.7,5,1,1,ab,cone,,space,torus,,,,,
M2U03298,121319_03,,5.7,5,2,1,ab,cone,,pyramid,,,,,,
M2U03298,121319_03,,5.7,5,3,1,bc,bowl,,octahedron,,,,,,
M2U03298,121319_03,,5.7,5,4,1,bc,pentagon,,cone,,,,,,
M2U03298,121319_03,,5.7,5,5,1,ca,trig prism,,dumbbell,,,,,,
M2U03298,121319_03,,5.7,5,6,1,ca,torus,,dumbbell,,,,,,
M2U03298,121319_03,,5.7,5,7,1,ac,pentagon,,space,pyramid,,,,,
M2U03298,121319_03,,5.7,5,8,1,ac,dumbbell,,torus,,,,,,
M2U03298,121319_03,,5.7,5,9,1,ba,pyramid,,octahedron,,,,,,
M2U03298,121319_03,,5.7,5,10,1,ba,trig prism,,octahedron,,,,,,
M2U03298,121319_03,,5.7,5,11,1,cb,octahedron,,dumbbell,,,,,,
M2U03298,121319_03,,5.7,5,12,1,cb,cone,,pentagon,,,,,,
M2U03299,121319_04,,4.99,4,1,2,cb,cone,,space,bowl,,dumbbell,,,
M2U03299,121319_04,,4.99,4,2,2,cb,pipe,,dumbbell,,,,,,
M2U03299,121319_04,,4.99,4,3,2,ba,torus,,pipe,,,,,,
M2U03299,121319_04,,4.99,4,4,2,ba,trig prism,,cone,,,,,,
M2U03299,121319_04,,4.99,4,5,2,ac,dumbbell,,torus,,,,,,
M2U03299,121319_04,,4.99,4,6,2,ac,pentagon,,space,pyramid,,,,,
M2U03299,121319_04,,4.99,4,7,2,ca,pyramid,,space,dumbbell,,,,,
M2U03299,121319_04,,4.99,4,8,2,ca,torus,,space,pentagon,,,,,
M2U03299,121319_04,,4.99,4,9,2,bc,bowl,,pipe,,,,,,
M2U03299,121319_04,,4.99,4,10,2,bc,dumbbell,,octahedron,,,,,,
M2U03299,121319_04,,4.99,4,11,2,ab,cone,,torus,,,,,,
M2U03299,121319_04,,4.99,4,12,2,ab,octahedron,,space,trig prism,,,,,
M2U03300,121319_05,,2.56,2,1,1,ab,cone,,space,pyramid,,trig prism,,,
M2U03300,121319_05,,2.56,2,2,1,ab,pipe,,pyramid,,,,,,
M2U03300,121319_05,,2.56,2,3,1,bc,bowl,,space,octahedron,,pipe,,,
M2U03300,121319_05,,2.56,2,4,1,bc,dumbbell,,space,octahedron,,,,,
M2U03300,121319_05,,2.56,2,5,1,ca,torus,,bowl,,,dumbbell,,2,
M2U03300,121319_05,,2.56,2,6,1,ca,trig prism,,space,bowl,,,,,
M2U03300,121319_05,,2.56,2,7,1,ac,bowl,,space,torus,,,,,
M2U03300,121319_05,,2.56,2,8,1,ac,dumbbell,,space,trig prism,,pyramid,,,
M2U03300,121319_05,,2.56,2,9,1,ba,pyramid,,pipe,,,,,,
M2U03300,121319_05,,2.56,2,10,1,ba,torus,,octahedron,,,,,,
M2U03300,121319_05,,2.56,2,11,1,cb,pipe,,dumbbell,,,,,,
M2U03300,121319_05,,2.56,2,12,1,cb,cone,,pentagon,,,dumbbell,,2,
M2U03301,121319_06,,2.68,2,1,,ca,pyramid,,pentagon,,,,,,
M2U03301,121319_06,,2.68,2,2,,ca,torus,,pentagon,,,,,,
M2U03301,121319_06,,2.68,2,3,,ab,cone,,space,torus,,,,,
M2U03301,121319_06,,2.68,2,4,,ab,octahedron,,space,torus,boundary,,,,
M2U03301,121319_06,,2.68,2,5,,bc,dumbbell,,space,pipe,,,,,
M2U03301,121319_06,,2.68,2,6,,bc,bowl,,space,octahedron,,,,,
M2U03301,121319_06,,2.68,2,7,,cb,pipe,,pentagon,,,,,,
M2U03301,121319_06,,2.68,2,8,,cb,octahedron,,space,pentagon,,,,,
M2U03301,121319_06,,2.68,2,9,,ac,pentagon,,space,pyramid,,pyramid,,,
M2U03301,121319_06,,2.68,2,10,,ac,dumbbell,,space,torus,,,,,
M2U03301,121319_06,,2.68,2,11,,ba,torus,,space,pipe,,,,,
M2U03301,121319_06,,2.68,2,12,,ba,trig prism,,space,pipe,,octahedron,,,incorrect counterbalance order used 
M2U03302,121319_07,,2.8,2,1,1,ab,octahedron,,space,pyramid,,pyramid,,,
M2U03302,121319_07,,2.8,2,2,1,ab,cone,,torus,,,trig prism,,2,
M2U03302,121319_07,,2.8,2,3,1,bc,dumbbell,,space,cone,,,,,
M2U03302,121319_07,,2.8,2,4,1,bc,bowl,,pipe,,,,,,
M2U03302,121319_07,,2.8,2,5,1,ca,trig prism,,pentagon,,,,,,
M2U03302,121319_07,,2.8,2,6,1,ca,pyramid,,space,pentagon,,,,,
M2U03302,121319_07,,2.8,2,7,1,ac,dumbbell,,space,pyramid,,trig prism,,,
M2U03302,121319_07,,2.8,2,8,1,ac,pentagon,,space,trig prism,,trig prism,,,
M2U03302,121319_07,,2.8,2,9,1,ba,trig prism,,pipe,,,octahedron,,2,
M2U03302,121319_07,,2.8,2,10,1,ba,torus,,octahedron,,,,,,
M2U03302,121319_07,,2.8,2,11,1,cb,octahedron,,dumbbell,,dropped while on knees,,,,
M2U03302,121319_07,,2.8,2,12,1,cb,cone,,space,pentagon,dropped while on knees,,,,
M2U00950,121619_01,,4.93,4,1,1,ab,pipe,,space,trig prism,,,,,
M2U00950,121619_01,,4.93,4,2,1,ab,pipe,,trig prism,,,,,,
M2U00950,121619_01,,4.93,4,3,1,bc,bowl,,space,cone,,pipe,,,
M2U00950,121619_01,,4.93,4,4,1,bc,dumbbell,,space,octahedron,,octahedron,,,
M2U00950,121619_01,,4.93,4,5,1,ca,torus,,space,pentagon,dropped from low,,,,
M2U00950,121619_01,,4.93,4,6,1,ca,torus,,dumbbell,,,,,,
M2U00950,121619_01,,4.93,4,7,1,ac,bowl,,trig prism,,,,,,
M2U00950,121619_01,,4.93,4,8,1,ac,bowl,,torus,,,pyramid,,2,
M2U00950,121619_01,,4.93,4,9,1,ba,torus,cone,cone,,wants to drop torus in cone like ring,,,,
M2U00950,121619_01,,4.93,4,10,1,ba,torus,,cone,,tries again to drop torus in cone like ring,,,,
M2U00950,121619_01,,4.93,4,11,1,cb,cone,,bowl,,,,,,
M2U00950,121619_01,,4.93,4,12,1,cb,pipe,,space,dumbbell,,,,,
M2U00951,121619_02,,4.12,4,1,2,cb,pipe,,bowl,,,,,,
M2U00951,121619_02,,4.12,4,2,2,cb,cone,,space,pentagon,,,,,
M2U00951,121619_02,,4.12,4,3,2,ba,torus,,space,octahedron,,,,,
M2U00951,121619_02,,4.12,4,4,2,ba,trig prism,,space,cone,,,,,
M2U00951,121619_02,,4.12,4,5,2,ac,bowl,,space,torus,,torus,,,
M2U00951,121619_02,,4.12,4,6,2,ac,pentagon,,space,torus,,,,,
M2U00951,121619_02,,4.12,4,7,2,ca,pyramid,,dumbbell,,,,,,
M2U00951,121619_02,,4.12,4,8,2,ca,torus,,space,pentagon,"""that one was like a donut""",pentagon,,,
M2U00951,121619_02,,4.12,4,9,2,bc,dumbbell,,pipe,,,,,,
M2U00951,121619_02,,4.12,4,10,2,bc,pentagon,,pipe,,,,,,
M2U00951,121619_02,,4.12,4,11,2,ab,pipe,,pyramid,,,,,,
M2U00951,121619_02,,4.12,4,12,2,ab,octahedron,,space,pyramid,,pyramid,,,
M2U00952,121619_03,,3.82,3,1,1,ab,pipe,,space,trig prism,,,,,
M2U00952,121619_03,,3.82,3,2,1,ab,cone,,space,trig prism,,,,,
M2U00952,121619_03,,3.82,3,3,1,bc,bowl,,space,pipe,,cone,,,
M2U00952,121619_03,,3.82,3,4,1,bc,pentagon,,space,pipe,,,,,
M2U00952,121619_03,,3.82,3,5,1,ca,torus,,space,bowl,,,,,
M2U00952,121619_03,,3.82,3,6,1,ca,trig prism,,dumbbell,,,,,,
M2U00952,121619_03,,3.82,3,7,1,ac,dumbbell,,space,trig prism,,,,,
M2U00952,121619_03,,3.82,3,8,1,ac,bowl,,space,trig prism,,,,,
M2U00952,121619_03,,3.82,3,9,1,ba,pyramid,,space,octahedron,,cone,,,
M2U00952,121619_03,,3.82,3,10,1,ba,trig prism,,space,octahedron,,,,,
M2U00952,121619_03,,3.82,3,11,1,cb,cone,,bowl,,,,,,
M2U00952,121619_03,,3.82,3,12,1,cb,octahedron,,space,bowl,,,,,
M2U00953,121619_04,,4.13,4,1,2,cb,octahedron,,space,dumbbell,,,,,
M2U00953,121619_04,,4.13,4,2,2,cb,cone,,space,dumbbell,,,,,
M2U00953,121619_04,,4.13,4,3,2,ba,pyramid,,space,cone,,,,,
M2U00953,121619_04,,4.13,4,4,2,ba,trig prism,,space,cone,,cone,pipe,3,
M2U00953,121619_04,,4.13,4,5,2,ac,bowl,,pyramid,,,,,,
M2U00953,121619_04,,4.13,4,6,2,ac,pentagon,,trig prism,,,,,,
M2U00953,121619_04,,4.13,4,7,2,ca,torus,,space,pentagon,dropped from low,,,,
M2U00953,121619_04,,4.13,4,8,2,ca,pyramid,,space,bowl,,bowl,,,
M2U00953,121619_04,Y,4.13,4,9,2,ca,torus,,space,dumbbell,extra trial for this set,dumbbell,,,
M2U00953,121619_04,,4.13,4,10,2,bc,bowl,,octahedron,,,,,,
M2U00953,121619_04,,4.13,4,11,2,bc,dumbbell,,cone,,,,,,
M2U00953,121619_04,,4.13,4,12,2,ab,cone,,space,torus,,,,,
M2U00953,121619_04,,4.13,4,13,2,ab,octahedron,,space,pyramid,,trig prism,,,
M2U00954,121619_05,,4.5,4,1,1,ab,cone,,space,pyramid,,,,,
M2U00954,121619_05,,4.5,4,2,1,ab,octahedron,,space,pyramid,,torus,,,
M2U00954,121619_05,,4.5,4,3,1,bc,dumbbell,,space,octahedron,,,,,
M2U00954,121619_05,,4.5,4,4,1,bc,pentagon,,space,octahedron,,,,,
M2U00954,121619_05,,4.5,4,5,1,ca,torus,,space,bowl,,bowl,,,
M2U00954,121619_05,,4.5,4,6,1,ca,trig prism,,space,pentagon,,,,,
M2U00954,121619_05,,4.5,4,7,1,ac,dumbbell,,pyramid,,,torus,,2,
M2U00954,121619_05,,4.5,4,8,1,ac,bowl,,torus,,took a break before drop (same trial pair),,,,
M2U00954,121619_05,,4.5,4,9,1,ba,torus,,space,pipe,,,,,
M2U00954,121619_05,,4.5,4,10,1,ba,pyramid,,cone,,,,,,
M2U00954,121619_05,,4.5,4,11,1,cb,cone,,pentagon,,,,,,
M2U00954,121619_05,,4.5,4,12,1,cb,octahedron,,space,bowl,,pentagon,,,
M2U00955,121619_06,,4,3,1,2,cb,cone,,space,dumbbell,,,,,
M2U00955,121619_06,,4,3,2,2,cb,pipe,,space,dumbbell,,,,,
M2U00955,121619_06,,4,3,3,2,ba,trig prism,,octahedron,,,,,,
M2U00955,121619_06,,4,3,4,2,ba,pyramid,,space,cone,,,,,
M2U00955,121619_06,,4,3,5,2,ac,dumbbell,,pyramid,,,,,,
M2U00955,121619_06,,4,3,6,2,ac,pentagon,,space,pyramid,,torus,,,
M2U00955,121619_06,,4,3,7,2,ca,torus,,space,pentagon,,bowl,,,
M2U00955,121619_06,,4,3,8,2,ca,pyramid,,space,pentagon,,bowl,,,
M2U00955,121619_06,,4,3,9,2,bc,dumbbell,,space,cone,,,,,
M2U00955,121619_06,,4,3,10,2,bc,bowl,,space,cone,,,,,
M2U00955,121619_06,,4,3,11,2,ab,octahedron,,space,trig prism,,,,,
M2U00955,121619_06,,4,3,12,2,ab,pipe,,space,pyramid,,,,,
M2U00956,121619_07,,6.22,6,1,1,ab,pipe,,space,trig prism,,,,,
M2U00956,121619_07,,6.22,6,2,1,ab,cone,,space,trig prism,,,,,
M2U00956,121619_07,,6.22,6,3,1,bc,bowl,,pipe,,,octahedron,,2,
M2U00956,121619_07,,6.22,6,4,1,bc,dumbbell,,pipe,,,octahedron,,2,
M2U00956,121619_07,,6.22,6,5,1,ca,pyramid,,space,bowl,,,,,
M2U00956,121619_07,,6.22,6,6,1,ca,torus,,bowl,,,dumbbell,,2,
M2U00956,121619_07,,6.22,6,7,1,ac,dumbbell,,space,torus,,trig prism,,,
M2U00956,121619_07,,6.22,6,8,1,ac,pentagon,,space,torus,,,,,
M2U00956,121619_07,,6.22,6,9,1,ba,pyramid,,space,octahedron,,,,,
M2U00956,121619_07,,6.22,6,10,1,ba,trig prism,,space,octahedron,,octahedron,,,
M2U00956,121619_07,,6.22,6,11,1,cb,cone,,pentagon,,,,,,
M2U00956,121619_07,,6.22,6,12,1,cb,pipe,,pentagon,,,bowl,,2,
M2U00957,121619_08,Y,3.7,3,1,2,cb,pipe,,space,center,placed,,,,
M2U00957,121619_08,Y,3.7,3,2,2,bb,cone,,space,octahedron,,,,,
M2U00957,121619_08,Y,3.7,3,3,2,ba,torus,,space,cone,,,,,
M2U00957,121619_08,Y,3.7,3,4,2,ba,trig prism,,space,cone,placed,,,,
M2U00957,121619_08,Y,3.7,3,5,2,ac,bowl,,space,torus,,,,,
M2U00957,121619_08,Y,3.7,3,6,2,ac,dumbbell,,space,trig prism,,trig prism,,,
M2U00957,121619_08,Y,3.7,3,7,2,ba,pyramid,,space,octahedron,,,,,
M2U00957,121619_08,Y,3.7,3,8,2,ca,torus,,space,line between dumbbell and octahedron,dropped from low,,,,
M2U00957,121619_08,Y,3.7,3,9,2,bc,dumbbell,,space,cone,,,,,
M2U00957,121619_08,Y,3.7,3,10,2,ba,pyramid,,space,cone,,cone,,,
M2U00957,121619_08,Y,3.7,3,11,2,ac,pentagon,,space,pyramid,"""this one looks like a diamond ball""",pyramid,,,
M2U00957,121619_08,Y,3.7,3,12,2,ab,cone,,space,pyramid,"""triangle next, this one looks like a castle"" - more examples given for previous drops",trig prism,,,"incorrect object sets for this participant; switched pentagon and octahedron. """
M2U00958,121619_09,,5.67,5,1,1,ab,octahedron,,pyramid,,,,,,
M2U00958,121619_09,,5.67,5,2,1,ab,pipe,,torus,,,,,,
M2U00958,121619_09,,5.67,5,3,1,bc,bowl,,pipe,,,,,,
M2U00958,121619_09,,5.67,5,4,1,bc,dumbbell,,space,octahedron,,,,,
M2U00958,121619_09,Y,5.67,5,5,1,ca,torus,,bowl,,touched target (bowl) before drop,,,,
M2U00958,121619_09,,5.67,5,6,1,ca,pyramid,,space,dumbbell,same set as above,,,,
M2U00958,121619_09,,5.67,5,7,1,ac,dumbbell,,space,pyramid,,,,,
M2U00958,121619_09,,5.67,5,8,1,ac,pentagon,,space,torus,,,,,
M2U00958,121619_09,,5.67,5,9,1,ba,torus,,cone,,torus fits right on top of cone like a ring,,,,
M2U00958,121619_09,,5.67,5,10,1,ba,pyramid,,octahedron,,,,,,
M2U00958,121619_09,,5.67,5,11,1,cb,octahedron,,space,pentagon,,pentagon,,,
M2U00958,121619_09,,5.67,5,12,1,cb,octahedron,,space,dumbbell,,dumbbell,,,
M2U00959,121619_10,,3.94,3,1,2,ab,pipe,,space,trig prism,,torus,,,
M2U00959,121619_10,,3.94,3,2,2,ab,cone,,pyramid,,"""that was weird""",,,,
M2U00959,121619_10,,3.94,3,3,2,bc,dumbbell,,cone,,,,,,
M2U00959,121619_10,,3.94,3,4,2,bc,dumbbell,,space,cone,,,,,
M2U00959,121619_10,,3.94,3,5,2,ac,bowl,,trig prism,,,,,,
M2U00959,121619_10,,3.94,3,6,2,ac,pentagon,,space,pyramid,boundary,pyramid,,,
M2U00959,121619_10,,3.94,3,7,2,ca,torus,,dumbbell,,,,,,
M2U00959,121619_10,,3.94,3,8,2,ca,trig prism,,space,dumbbell,,pentagon,,,
M2U00959,121619_10,Y,3.94,3,9,2,bc,dumbbell,,boundary outside,cone,,,,,
M2U00959,121619_10,,3.94,3,9,2,bc,dumbbell,,space,cone,boundary; redo from previous,cone,octahedron,2,
M2U00959,121619_10,,3.94,3,10,2,bc,pentagon,,space,cone,boundary,cone,,,
M2U00959,121619_10,,3.94,3,11,2,ab,octahedron,,trig prism,,,,,,
M2U00959,121619_10,Y,3.94,3,12,2,ab,pipe,,boundary outside,trig prism,,,,,
M2U00959,121619_10,,3.94,3,12,2,ab,pipe,,space,trig prism,boundary; redo from previous,trig prism,,,incorrect counterbalance. no ba or cb 
M2U00960,121619_11,,5.47,5,1,1,ab,pipe,,space,pyramid,,trig prism,,,
M2U00960,121619_11,,5.47,5,2,1,ab,pipe,,pyramid,,,,,,
M2U00960,121619_11,,5.47,5,3,1,bc,dumbbell,,pipe,,,,,,
M2U00960,121619_11,,5.47,5,4,1,bc,dumbbell,,space,cone,,,,,
M2U00960,121619_11,,5.47,5,5,1,ca,torus,,bowl,,,,,,
M2U00960,121619_11,,5.47,5,6,1,ca,pyramid,,space,dumbbell,,pentagon,,,
M2U00960,121619_11,,5.47,5,7,1,ac,dumbbell,,space,torus,,torus,,,
M2U00960,121619_11,,5.47,5,8,1,ac,bowl,,trig prism,,,,,,
M2U00960,121619_11,,5.47,5,9,1,ba,torus,,space,octahedron,,,,,
M2U00960,121619_11,,5.47,5,10,1,ba,pyramid,,octahedron,,,,,,
M2U00960,121619_11,,5.47,5,11,1,cb,octahedron,,dumbbell,,,bowl,,2,
M2U00960,121619_11,Y,5.47,5,12,1,cb,cone,,outside,,,,,,
M2U00960,121619_11,,5.47,5,12,1,cb,cone,,space,pentagon,redo from previous,,,,
M2U00961,121619_12,,2.91,2,1,2,cb,cone,,space,dumbbell,,dumbbell,,,
M2U00961,121619_12,,2.91,2,2,2,cb,octahedron,,space,pentagon,,,,,
M2U00961,121619_12,,2.91,2,3,2,ba,trig prism,,octahedron,,,,,,
M2U00961,121619_12,,2.91,2,4,2,ba,torus,,pipe,,,,,,
M2U00961,121619_12,Y,2.91,2,5,2,cb,cone,,boundary outside,pentagon,,,,,
M2U00961,121619_12,,2.91,2,5,2,cb,cone,,space,bowl,redo from previous,pentagon,,,
M2U00961,121619_12,,2.91,2,6,2,cb,pipe,,space,pentagon,,,,,
M2U00961,121619_12,Y,2.91,2,7,2,ab,cone,,outside,,,,,,
M2U00961,121619_12,Y,2.91,2,7,2,ab,cone,,outside,,redo from previous,,,,
M2U00961,121619_12,,2.91,2,7,2,ab,cone,,space,torus,redo from previous,,,,
M2U00961,121619_12,,2.91,2,8,2,ab,pipe,,space,torus,,torus,,,
M2U00961,121619_12,Y,2.91,2,9,2,ab,pipe,,outside,pyramid,dropped during set change; don't count,,,,
M2U00961,121619_12,Y,2.91,2,10,2,ca,torus,,outside ,dumbbell,,,,,
M2U00961,121619_12,,2.91,2,10,2,ca,torus,,dumbbell,,redo from previous,bowl,,2,
M2U00961,121619_12,,2.91,2,11,2,ca,trig prism,,pentagon,,,,,,
M2U00961,121619_12,,2.91,2,12,2,ca,pyramid,,space,pentagon,,,,,
M2U00961,121619_12,,2.91,2,13,2,ac,bowl,,pyramid,,,trig prism,,2,
M2U00961,121619_12,,2.91,2,14,2,ac,dumbbell,,space,pyramid,,,,,
M2U00961,121619_12,,2.91,2,15,2,ba,trig prism,,pipe,,,,,,
M2U00961,121619_12,,2.91,2,16,2,ba,torus,,space,pipe,,,,,
M2U00961,121619_12,,2.91,2,17,2,cb,cone,,space,bowl,,,,,
M2U00961,121619_12,,2.91,2,18,2,cb,octahedron,,pentagon,,,,,,was super shy - took 10 mintes for first 4 drops: added extra trials because she was excited to do more after getting comfortable. incorrect counterbalance
M2U00962,121719_01,,3.87,3,1,2,cb,pipe,,space,line between pentagon and dumbbell,placed,,,,
M2U00962,121719_01,,3.87,3,1,2,cb,pipe,,outside,,redo from previous but didn't understand to drop inside (followed demo),,,,
M2U00962,121719_01,,3.87,3,1,2,cb,pipe,,space,pentagon,redo from previous,,,,
M2U00962,121719_01,,3.87,3,2,2,cb,pipe,,space,dumbbell,,bowl,,,
M2U00962,121719_01,,3.87,3,3,2,ba,torus,,space,cone,,,,,
M2U00962,121719_01,,3.87,3,4,2,ba,torus,,space,octahedron,,,,,
M2U00962,121719_01,,3.87,3,5,2,ac,pentagon,,torus,,,trig prism,,2,
M2U00962,121719_01,,3.87,3,6,2,ac,pentagon,,trig prism,,,,,,
M2U00962,121719_01,,3.87,3,7,2,ca,torus,,dumbbell,,,,,,
M2U00962,121719_01,,3.87,3,8,2,ca,torus,,space,dumbbell,,,,,
M2U00962,121719_01,,3.87,3,9,2,bc,pentagon,,pipe,,,,,,
M2U00962,121719_01,,3.87,3,10,2,bc,pentagon,,pipe,,,,,,
M2U00962,121719_01,,3.87,3,11,2,ab,pipe,,space,trig prism,,,,,
M2U00962,121719_01,,3.87,3,12,2,ab,pipe,,trig prism,,,,,,
M2U00962,121719_01,Y,3.87,3,13,2,ab,pipe,,space,trig prism,extra trial for this set,torus,,,
M2U00963,121719_02,,3.91,3,1,1,ab,pipe,,torus,,,,,,
M2U00963,121719_02,,3.91,3,2,1,ab,pipe,,space,torus,,torus,,,
M2U00963,121719_02,,3.91,3,3,1,bc,dumbbell,,octahedron,,,,,,
M2U00963,121719_02,,3.91,3,4,1,bc,bowl,,octahedron,,,,,,
M2U00963,121719_02,,3.91,3,5,1,ca,torus,,pentagon,,,,,,
M2U00963,121719_02,,3.91,3,6,1,ca,trig prism,,pentagon,,,,,,
M2U00963,121719_02,,3.91,3,7,1,ac,bowl,,torus,,,trig prism,,2,
M2U00963,121719_02,,3.91,3,8,1,ac,pentagon,,space,pyramid,,pyramid,,,
M2U00963,121719_02,,3.91,3,9,1,ba,pyramid,,space,octahedron,,,,,
M2U00963,121719_02,,3.91,3,10,1,ba,torus,,space,octahedron,,pipe,,,
M2U00963,121719_02,,3.91,3,11,1,cb,cone,,space,dumbbell,,dumbbell,,,
M2U00963,121719_02,,3.91,3,12,1,cb,octahedron,,space,pentagon,,,,,
M2U00964,121719_03,,3.91,3,1,2,cb,pipe,,space,dumbbell,,,,,
M2U00964,121719_03,,3.91,3,2,2,cb,octahedron,,space,bowl,,,,,
M2U00964,121719_03,,3.91,3,3,2,ba,torus,,octahedron,,,pipe,,2,
M2U00964,121719_03,,3.91,3,4,2,ba,trig prism,,octahedron,,,cone,,2,
M2U00964,121719_03,,3.91,3,5,2,ac,pentagon,,trig prism,,,,,,
M2U00964,121719_03,,3.91,3,6,2,ac,dumbbell,,trig prism,,,,,,
M2U00964,121719_03,,3.91,3,7,2,ca,torus,,space,bowl,,dumbbell,,,
M2U00964,121719_03,,3.91,3,8,2,ca,pyramid,,space,bowl,,dumbbell,,,
M2U00964,121719_03,,3.91,3,9,2,bc,pentagon,,space,pipe,,,,,
M2U00964,121719_03,,3.91,3,10,2,bc,bowl,,space,pipe,,pipe,,,
M2U00964,121719_03,,3.91,3,11,2,ab,pipe,,space,trig prism,,torus,,,
M2U00964,121719_03,,3.91,3,12,2,ab,cone,,space,trig prism,,,,,
M2U00965,121719_04,,4.75,4,1,1,ab,pipe,,space,pyramid,,,,,
M2U00965,121719_04,,4.75,4,2,1,ab,cone,,space,pyramid,,,,,
M2U00965,121719_04,,4.75,4,3,1,bc,dumbbell,,space,cone,,,,,
M2U00965,121719_04,,4.75,4,4,1,bc,bowl,,cone,,,,,,
M2U00965,121719_04,,4.75,4,5,1,ca,torus,,space,pentagon,,bowl,,,
M2U00965,121719_04,,4.75,4,6,1,ca,trig prism,,space,pentagon,,,,,
M2U00965,121719_04,,4.75,4,7,1,ac,pentagon,,space,pyramid,,,,,
M2U00965,121719_04,,4.75,4,8,1,ac,dumbbell,,space,torus,,torus,,,
M2U00965,121719_04,,4.75,4,9,1,ba,pyramid,,space,pipe,,,,,
M2U00965,121719_04,,4.75,4,10,1,ba,torus,,pipe,,,,,,
M2U00965,121719_04,,4.75,4,11,1,cb,cone,,space,bowl,,,,,
M2U00965,121719_04,,4.75,4,12,1,cb,octahedron,,bowl,,,,,,
M2U00966,121719_05,,5.76,5,1,2,cb,cone,,space,center,,,,,
M2U00966,121719_05,,5.76,5,2,2,cb,octahedron,,bowl,,,,,,
M2U00966,121719_05,Y,5.76,5,3,2,ba,trig prism,,space,pipe,touched target (octahedron) before drop,cone,,,
M2U00966,121719_05,,5.76,5,4,2,ba,pyramid,,pipe,,same set as previous,,,,
M2U00966,121719_05,,5.76,5,5,2,ac,dumbbell,,pyramid,,,,,,
M2U00966,121719_05,,5.76,5,6,2,ac,bowl,,space,pyramid,,torus,,,
M2U00966,121719_05,Y,5.76,5,7,2,ba,trig prism,,space,line between cone and pipe,extra trial for this set,octahedron,,,
M2U00966,121719_05,Y,5.76,5,8,2,ba,pyramid,,pipe,,extra trial for this set,cone,,2,
M2U00966,121719_05,Y,5.76,5,9,2,ab,cone,,space,torus,"extra trial for this set; ""cone""",pyramid,,,
M2U00966,121719_05,Y,5.76,5,10,2,ab,pipe,,torus,,"extra trial for this set; ""circle""",,,,
M2U00966,121719_05,,5.76,5,11,2,ca,torus,,bowl,,,,,,
M2U00966,121719_05,,5.76,5,12,2,ca,pyramid,,space,bowl,,bowl,,,
M2U00966,121719_05,,5.76,5,13,2,bc,dumbbell,,space,cone,,,,,
M2U00966,121719_05,,5.76,5,14,2,bc,bowl,,space,pipe,,,,,
M2U00966,121719_05,,5.76,5,15,2,ab,octahedron,,space,torus,,,,,
M2U00966,121719_05,,5.76,5,16,2,ab,cone,,space,pyramid,,,,,
M2U00967,121719_06,,5.74,5,1,1,ab,cone,,space,pyramid,,,,,
M2U00967,121719_06,,5.74,5,2,1,ab,pipe,space next to torus,torus,,,,,,
M2U00967,121719_06,,5.74,5,3,1,bc,bowl,,space,cone,,cone,,,
M2U00967,121719_06,Y,5.74,5,4,1,bc,dumbbell,,pipe,,placed into the pipe,,,,
M2U00967,121719_06,,5.74,5,4,1,bc,dumbbell,,pipe,,"dropped from low, redo of previous",,,,
M2U00967,121719_06,,5.74,5,5,1,ca,trig prism,,space,pentagon,,dumbbell,,,
M2U00967,121719_06,,5.74,5,6,1,ca,torus,,bowl,,dropped from low,,,,
M2U00967,121719_06,,5.74,5,7,1,ac,pentagon,,space,pyramid,,trig prism,,,
M2U00967,121719_06,,5.74,5,8,1,ac,dumbbell,,torus,,,,,,
M2U00967,121719_06,,5.74,5,9,1,ba,torus,,cone,,,,,,
M2U00967,121719_06,,5.74,5,10,1,ba,pyramid,,space,octahedron,,,,,
M2U00967,121719_06,,5.74,5,11,1,cb,octahedron,,space,dumbbell,,dumbbell,,,
M2U00967,121719_06,,5.74,5,12,1,cb,pipe,,pentagon,,,,,,
M2U00968,121819_01,,4.74,4,1,1,ab,cone,,trig prism,,,pyramid,,2,
M2U00968,121819_01,,4.74,4,2,1,ab,pipe,,space,torus,,,,,
M2U00968,121819_01,,4.74,4,3,1,bc,dumbbell,,pipe,,,,,,
M2U00968,121819_01,,4.74,4,4,1,bc,pentagon,,space,pipe,,,,,
M2U00968,121819_01,,4.74,4,5,1,bc,bowl,,pipe,,extra trial for this set,cone,,2,
M2U00968,121819_01,,4.74,4,6,1,ca,torus,,space,pentagon,,,,,
M2U00968,121819_01,,4.74,4,7,1,ca,pyramid,,space,pentagon,boundary,,,,
M2U00968,121819_01,,4.74,4,8,1,ac,bowl,,space,pyramid,,,,,
M2U00968,121819_01,,4.74,4,9,1,ac,dumbbell,,trig prism,,,,,,
M2U00968,121819_01,,4.74,4,10,1,ba,torus,,space,pipe,,,,,
M2U00968,121819_01,,4.74,4,11,1,ba,pyramid,,space,octahedron,,,,,
M2U00968,121819_01,,4.74,4,12,1,cb,cone,,space,pentagon,,,,,
M2U00968,121819_01,,4.74,4,13,1,cb,pipe,,space,bowl,,bowl,,,
M2U00969,121819_02,,4.02,4,1,2,cb,octahedron,,dumbbell,,,,,,
M2U00969,121819_02,,4.02,4,2,2,cb,pipe,,pentagon,,,,,,
M2U00969,121819_02,,4.02,4,3,2,ba,trig prism,,space,octahedron,,,,,
M2U00969,121819_02,,4.02,4,4,2,ba,torus,,space,cone,"""donut""",,,,
M2U00969,121819_02,,4.02,4,5,2,ac,dumbbell,,space,pyramid,,torus,,,
M2U00969,121819_02,,4.02,4,6,2,ac,pentagon,,space,center,,,,,
M2U00969,121819_02,,4.02,4,7,2,ca,torus,,space,pentagon,,,,,
M2U00969,121819_02,,4.02,4,8,2,ca,trig prism,,bowl,,,dumbbell,,2,
M2U00969,121819_02,,4.02,4,9,2,bc,dumbbell,,space,octahedron,,,,,
M2U00969,121819_02,Y,4.02,4,10,2,bc,pentagon,,,,"dropped during set change, don't count ",,,,
M2U00969,121819_02,,4.02,4,11,2,bc,bowl,,pipe,,,,,,
M2U00969,121819_02,,4.02,4,12,2,ab,pipe,,space,trig prism,,,,,
M2U00969,121819_02,,4.02,4,13,2,ab,octahedron,,trig prism,,,,,,
M2U00969,121819_02,Y,4.02,4,14,2,ca,torus,,space,bowl,extra trial for this set,bowl,,,
M2U00969,121819_02,Y,4.02,4,15,2,ca,pyramid,,space,dumbbel,extra trial for this set,dumbbell,,,
M2U00971,121819_03,Y,3.88,3,1,1,ab,cone,,space,trig prism,,,,,
M2U00971,121819_03,Y,3.88,3,2,1,ab,pipe,,space,pyramid,,pyramid,,,
M2U00971,121819_03,Y,3.88,3,3,1,bc,bowl,,space,octahedron,CAMERA DROPPED HERE! Restarted sequence,,,,
M2U00972,121819_03,,3.88,3,4,1,ab,pipe,,space,pyramid,,trig prism,,,
M2U00972,121819_03,,3.88,3,5,1,ab,cone,,space,trig prism,,pyramid,,,
M2U00972,121819_03,Y,3.88,3,6,1,ab,octahedron,,space,,"dropped during set change, don't count",,,,
M2U00972,121819_03,,3.88,3,7,1,bc,pentagon,,space,octahedron,,,,,
M2U00972,121819_03,,3.88,3,8,1,bc,dumbbell,,cone,,,,,,
M2U00972,121819_03,,3.88,3,9,1,ca,torus,,pentagon,,,bowl,,2,
M2U00972,121819_03,,3.88,3,10,1,ca,trig prism,,space,dumbbell,,,,,
M2U00972,121819_03,,3.88,3,11,1,ac,dumbbell,,space,trig prism,,pyramid,,,
M2U00972,121819_03,,3.88,3,12,1,ac,bowl,,space,torus,,,,,
M2U00972,121819_03,Y,3.88,3,13,1,ba,torus,,space,pipe,touched target (all) before drop,octahedron,,,
M2U00972,121819_03,,3.88,3,14,1,ba,pyramid,,space,cone,same set as previous,octahedron,,,
M2U00972,121819_03,,3.88,3,15,1,cb,pipe,,space,dumbbell,,pentagon,,,
M2U00972,121819_03,,3.88,3,16,1,cb,octahedron,,space,dumbbell,,,,,
M2U00973,121819_04,,3.67,3,1,2,cb,cone,,dumbbell,,,,,,
M2U00973,121819_04,,3.67,3,2,2,cb,octahedron,,pentagon,,,,,,
M2U00973,121819_04,,3.67,3,3,2,ba,pyramid,,space,cone,,cone,,,
M2U00973,121819_04,Y,3.67,3,4,2,ba,trig prism,,pipe,,touched target (octahedron) before drop,,,,
M2U00973,121819_04,,3.67,3,5,2,ac,bowl,,space,torus,,,,,
M2U00973,121819_04,,3.67,3,6,2,ac,bowl,,space,pyramid,,,,,
M2U00973,121819_04,,3.67,3,7,2,ca,trig prism,,bowl,,,,,,
M2U00973,121819_04,,3.67,3,8,2,ca,trig prism,,bowl,,,,,,
M2U00973,121819_04,,3.67,3,9,2,bc,bowl,,cone,,,,,,
M2U00973,121819_04,,3.67,3,10,2,bc,pentagon,,space,octahedron,,cone,,,
M2U00973,121819_04,,3.67,3,11,2,ab,cone,,space,torus,,,,,
M2U00973,121819_04,,3.67,3,12,2,ab,pipe,,space,between torus and pyramid,boundary,trig prism,,,
M2U00974,121819_05,,4.93,4,1,1,ab,pipe,,trig prism,,,torus,,2,
M2U00974,121819_05,Y,4.93,4,2,1,ab,cone,,outside,,,,,,
M2U00974,121819_05,,4.93,4,2,1,ab,cone,,space,pyramid,redo from previous,trig prism,,,
M2U00974,121819_05,,4.93,4,3,1,bc,bowl,,space,octahedron,,pipe,,,
M2U00974,121819_05,,4.93,4,4,1,bc,dumbbell,,octahedron,,,pipe,,2,
M2U00974,121819_05,,4.93,4,5,1,ca,torus,,bowl,,,dumbbell,,2,
M2U00974,121819_05,,4.93,4,6,1,ca,torus,,bowl,,,pentagon,,2,
M2U00974,121819_05,,4.93,4,7,1,ac,dumbbell,,space,pyramid,,pyramid,,,
M2U00974,121819_05,,4.93,4,8,1,ac,dumbbell,,space,trig prism,,pyramid,,,
M2U00974,121819_05,,4.93,4,9,1,ba,torus,,space,cone,,cone,,,
M2U00974,121819_05,,4.93,4,10,1,ba,torus,,space,cone,,cone,,,
M2U00974,121819_05,,4.93,4,11,1,cb,cone,,space,pentagon,,,,,
M2U00974,121819_05,,4.93,4,12,1,cb,cone,,space,bowl,,pentagon,,,
M2U00975,121819_06,,3.14,3,1,2,cb,pipe,,space,dumbbell,,,,,
M2U00975,121819_06,,3.14,3,2,2,cb,cone,,space,dumbbell,,,,,
M2U00975,121819_06,,3.14,3,3,2,ba,torus,,space,pipe,,pipe,,,
M2U00975,121819_06,,3.14,3,4,2,ba,pyramid,,space,cone,,,,,
M2U00975,121819_06,,3.14,3,5,2,ac,dumbbell,,space,trig prism,,,,,
M2U00975,121819_06,,3.14,3,6,2,ac,bowl,,space,torus,hit space super close to torus ,torus,,,
M2U00975,121819_06,,3.14,3,7,2,ca,torus,,bowl,,,,,,
M2U00975,121819_06,,3.14,3,8,2,ca,trig prism,,bowl,,,,,,
M2U00975,121819_06,,3.14,3,9,2,bc,pentagon,,space,pipe,,pipe,,,
M2U00975,121819_06,,3.14,3,10,2,bc,dumbbell,,pipe,,,,,,
M2U00975,121819_06,,3.14,3,11,2,ab,cone,,torus,,,,,,
M2U00975,121819_06,,3.14,3,12,2,ab,octahedron,,torus,,,,,,
M2U00976,121819_07,,5.11,5,1,1,ab,octahedron,,space,torus,,,,,
M2U00976,121819_07,,5.11,5,2,1,ab,cone,,torus,,,trig prism,,2,
M2U00976,121819_07,,5.11,5,3,1,bc,pentagon,,space,pipe,,,,,
M2U00976,121819_07,,5.11,5,4,1,bc,bowl,,space,center,,pipe,,,
M2U00976,121819_07,,5.11,5,5,1,ca,torus,,bowl,,,pentagon,,2,
M2U00976,121819_07,,5.11,5,6,1,ca,trig prism,,dumbbell,,,,,,
M2U00976,121819_07,,5.11,5,7,1,ac,dumbbell,,torus,,,,,,
M2U00976,121819_07,,5.11,5,8,1,ac,bowl,,torus,,,trig prism,,2,
M2U00976,121819_07,,5.11,5,9,1,ba,trig prism,,octahedron,,,,,,
M2U00976,121819_07,,5.11,5,10,1,ba,torus,,cone,,,octahedron,,2,
M2U00976,121819_07,,5.11,5,11,1,cb,pipe,,dumbbell,,,bowl,,2,
M2U00976,121819_07,,5.11,5,12,1,cb,cone,,bowl,,,,,,
M2U00977,121819_08,,4.38,4,1,2,cb,cone,,pentagon,,,dumbbell,,2,
M2U00977,121819_08,,4.38,4,2,2,cb,pipe,,space,line between pentagon and bowl,,,,,
M2U00977,121819_08,,4.38,4,3,2,ba,torus,,cone,,,pipe,,2,
M2U00977,121819_08,,4.38,4,4,2,ba,pyramid,,space,pipe,,,,,
M2U00977,121819_08,,4.38,4,5,2,ac,bowl,,space,pyramid,,trig prism,,,
M2U00977,121819_08,,4.38,4,6,2,ac,pentagon,,space,center,,,,,
M2U00977,121819_08,Y,4.38,4,7,2,,pyramid,,,,"dropped during set change, don't count",,,,
M2U00977,121819_08,,4.38,4,8,2,ba,pyramid,,octahedron,,,,,,
M2U00977,121819_08,,4.38,4,9,2,ba,torus,,space,octahedron,,octahedron,,,
M2U00977,121819_08,,4.38,4,10,2,cb,octahedron,,bowl,,,pentagon,,2,
M2U00977,121819_08,,4.38,4,11,2,cb,pipe,,space,pentagon,,,,,
M2U00977,121819_08,,4.38,4,12,2,ac,pentagon,,space,pyramid,,pyramid,,,
M2U00977,121819_08,,4.38,4,13,2,ac,bowl,,space,line between pyramid and trig prism,,torus,,,incorrect counterbalance order
M2U00978,121919_01,,3.16,3,1,1,ab,cone,,space,torus,,,,,
M2U00978,121919_01,,3.16,3,2,1,ab,cone,,pyramid,,,,,,
M2U00978,121919_01,,3.16,3,3,1,bc,bowl,,space,cone,,pipe,,,
M2U00978,121919_01,,3.16,3,4,1,bc,bowl,,space,octahedron,,,,,
M2U00978,121919_01,,3.16,3,5,1,ca,torus,,space,pentagon,,,,,
M2U00978,121919_01,,3.16,3,6,1,ca,torus,,pentagon,,,,,,
M2U00978,121919_01,,3.16,3,7,1,ac,bowl,,trig prism,,,,,,
M2U00978,121919_01,,3.16,3,8,1,ac,bowl,,space,pyramid,,torus,,,
M2U00978,121919_01,,3.16,3,9,1,ba,torus,,octahedron,,,,,,
M2U00978,121919_01,,3.16,3,10,1,ba,torus,,pipe,,,,,,
M2U00978,121919_01,,3.16,3,11,1,cb,cone,,bowl,,,dumbbell,,2,
M2U00978,121919_01,,3.16,3,12,1,cb,cone,,space,bowl,boundary,,,,
M2U00982,121919_02,Y,2.97,2,1,2,cb,cone,,outside,,touched target (dumbbell) before drop,,,,
M2U00982,121919_02,,2.97,2,1,2,cb,cone,,space,bowl,redo from previous; same set as above,,,,
M2U00982,121919_02,,2.97,2,2,2,cb,cone,,pentagon,,,,,,
M2U00982,121919_02,,2.97,2,3,2,ba,torus,,octahedron,,,,,,
M2U00982,121919_02,Y,2.97,2,4,2,ba,trig prism,,boundary outside,,no redo,,,,
M2U00982,121919_02,,2.97,2,5,2,ac,dumbbell,,space,pyramid,,trig prism,,,
M2U00982,121919_02,,2.97,2,6,2,ac,pentagon,,space,trig prism,,,,,
M2U00982,121919_02,,2.97,2,7,2,ca,trig prism,,pentagon,,,,,,
M2U00982,121919_02,,2.97,2,8,2,ca,torus,,bowl,,,,,,
M2U00982,121919_02,,2.97,2,9,2,bc,pentagon,,space,pipe,boundary,pipe,,,
M2U00982,121919_02,,2.97,2,10,2,bc,bowl,,space,octahedron,,octahedron,,,
M2U00982,121919_02,,2.97,2,11,2,ab,cone,,torus,,,,,,
M2U00982,121919_02,,2.97,2,12,2,ab,pipe,,torus,,,,,,
M2U00983,121919_03,,4.34,4,1,1,ab,octahedron,,trig prism,,,,,,
M2U00983,121919_03,,4.34,4,2,1,ab,octahedron,,space,pyramid,,,,,
M2U00983,121919_03,,4.34,4,3,1,bc,pentagon,,pipe,,,,,,
M2U00983,121919_03,,4.34,4,4,1,bc,pentagon,,pipe,,,,,,
M2U00983,121919_03,,4.34,4,5,1,ca,torus,,space,bowl,dropped very close to bowl,bowl,,,
M2U00983,121919_03,,4.34,4,6,1,ca,trig prism,,dumbbell,,,,,,
M2U00983,121919_03,,4.34,4,7,1,ac,bowl,,torus,,,,,,
M2U00983,121919_03,,4.34,4,8,1,ac,pentagon,,space,trig prism,,,,,
M2U00983,121919_03,,4.34,4,9,1,ba,torus,,pipe,,,,,,
M2U00983,121919_03,,4.34,4,10,1,ba,trig prism,,space,octahedron,,,,,
M2U00983,121919_03,,4.34,4,11,1,cb,pipe,,bowl,,,,,,
M2U00983,121919_03,,4.34,4,12,1,cb,cone,,space,pentagon,,bowl,,,